Fixed tables,,,,,,,,,
,,,,,,,,,
Table 1: Summary of network access & call revenues (£millions),,,,,,,,,
,,,,,,,,,
,All Operators,BT,Virgin Media,Other,BT Share,,,,
,,,,,,,,,
Access & calls,,,,,,,,,
2007,10408,6257,1236,2915,60.10%,,,,
2008,10151,5825,1205,3121,57.40%,,,,
2009,9643,5308,1152,3183,55.00%,,,,
2010,9322,4751,1164,3407,51.00%,,,,
2011,8950,4382,1073,3495,49.00%,,,,
2012,8697,4041,1066,3590,46.50%,,,,
2013,8622,3903,1021,3699,45.30%,,,,
2014,8376,3798,898,3679,45.40%,,,,
2015,8228,3703,882,3642,45.00%,,,,
2016,8311,3753,831,3728,45.20%,,,,
2017,8145,3644,783,3718,44.70%,,,,
2018,7575,3301,769,3505,43.60%,,,,
2019,7208,3030,842,3336,42.00%,,,,
2020,6994,3411,1060,2523,48.80%,,,,
2021,6075,3051,980,2044,50.20%,,,,
2022,5693,2784,913,1997,48.90%,,,,
2023,5248,2617,840,1790,49.90%,,,,
2024,4812,2416,747,1649,50.20%,,,,
2025,4064,,,,,,,,
,,,,,,,,,
2007 Q1,2619,1579,317,723,60.30%,,,,
2007 Q2,2608,1570,313,726,60.20%,,,,
2007 Q3,2597,1561,311,725,60.10%,,,,
2007 Q4,2583,1547,295,741,59.90%,,,,
2008 Q1,2547,1482,310,755,58.20%,,,,
2008 Q2,2579,1499,301,778,58.10%,,,,
2008 Q3,2523,1433,297,793,56.80%,,,,
2008 Q4,2503,1411,297,795,56.40%,,,,
2009 Q1,2393,1343,289,761,56.10%,,,,
2009 Q2,2452,1380,285,787,56.30%,,,,
2009 Q3,2379,1303,286,791,54.80%,,,,
2009 Q4,2419,1282,293,844,53.00%,,,,
2010 Q1,2363,1225,287,851,51.90%,,,,
2010 Q2,2338,1195,291,852,51.10%,,,,
2010 Q3,2301,1154,293,854,50.20%,,,,
2010 Q4,2321,1176,293,851,50.70%,,,,
2011 Q1,2300,1134,274,892,49.30%,,,,
2011 Q2,2217,1103,275,838,49.80%,,,,
2011 Q3,2200,1071,261,868,48.70%,,,,
2011 Q4,2234,1074,263,897,48.10%,,,,
2012 Q1,2217,1051,269,898,47.40%,,,,
2012 Q2,2167,1010,269,888,46.60%,,,,
2012 Q3,2169,1008,265,897,46.50%,,,,
2012 Q4,2144,973,263,908,45.40%,,,,
2013 Q1,2194,996,263,935,45.40%,,,,
2013 Q2,2160,971,261,928,45.00%,,,,
2013 Q3,2123,956,258,909,45.00%,,,,
2013 Q4,2145,979,239,927,45.70%,,,,
2014 Q1,2143,996,232,916,46.50%,,,,
2014 Q2,2077,933,225,919,44.90%,,,,
2014 Q3,2080,934,221,925,44.90%,,,,
2014 Q4,2075,937,220,919,45.10%,,,,
2015 Q1,2067,931,220,916,45.00%,,,,
2015 Q2,2037,911,225,902,44.70%,,,,
2015 Q3,2053,921,219,913,44.90%,,,,
2015 Q4,2071,941,218,912,45.40%,,,,
2016 Q1,2071,918,210,944,44.30%,,,,
2016 Q2,2084,936,209,939,44.90%,,,,
2016 Q3,2081,959,207,914,46.10%,,,,
2016 Q4,2075,940,205,930,45.30%,,,,
2017 Q1,2059,924,203,932,44.90%,,,,
2017 Q2,2049,920,195,935,44.90%,,,,
2017 Q3,2036,909,195,932,44.60%,,,,
2017 Q4,2002,891,191,919,44.50%,,,,
2018 Q1,1956,880,193,883,45.00%,,,,
2018 Q2,1888,826,191,871,43.70%,,,,
2018 Q3,1866,803,191,872,43.00%,,,,
2018 Q4,1864,792,194,879,42.50%,,,,
2019 Q1,1800,758,192,849,42.10%,,,,
2019 Q2,1772,731,193,848,41.30%,,,,
2019 Q3,1735,718,192,825,41.40%,,,,
2019 Q4,1902,822,265,814,43.20%,,,,
2020 Q1,1820,877,267,676,48.20%,,,,
2020 Q2,1782,858,273,651,48.10%,,,,
2020 Q3,1712,838,262,613,48.90%,,,,
2020 Q4,1679,839,258,583,49.90%,,,,
2021 Q1,1598,807,253,539,50.50%,,,,
2021 Q2,1523,773,244,506,50.70%,,,,
2021 Q3,1491,745,242,504,49.90%,,,,
2021 Q4,1463,727,241,495,49.70%,,,,
2022 Q1,1449,708,237,504,48.90%,,,,
2022 Q2,1438,703,229,506,48.90%,,,,
2022 Q3,1416,691,225,500,48.80%,,,,
2022 Q4,1391,681,223,487,49.00%,,,,
2023 Q1,1330,655,219,456,49.30%,,,,
2023 Q2,1314,654,213,447,49.80%,,,,
2023 Q3,1295,640,208,447,49.40%,,,,
2023 Q4,1308,668,201,439,51.10%,,,,
2024 Q1,1253,632,195,426,50.40%,,,,
2024 Q2,1214,605,189,420,49.90%,,,,
2024 Q3,1194,605,184,405,50.60%,,,,
2024 Q4,1151,574,179,398,49.90%,,,,
2025 Q1,1086,,,,,,,,
2025 Q2,1042,,,,,,,,
2025 Q3,994,,,,,,,,
2025 Q4,941,,,,,,,,
2026 Q1,892,,,,,,,,
,,,,,,,,,
Access,,,,,,,,,
2007,5161,3531,608,1021,68.40%,,,,
2008,5245,3433,601,1211,65.50%,,,,
2009,5097,3166,576,1356,62.10%,,,,
2010,5053,2874,602,1576,56.90%,,,,
2011,5293,2793,617,1883,52.80%,,,,
2012,5479,2639,677,2163,48.20%,,,,
2013,5688,2572,703,2413,45.20%,,,,
2014,5761,2519,632,2610,43.70%,,,,
2015,5880,2469,660,2751,42.00%,,,,
2016,6175,2542,650,2982,41.20%,,,,
2017,6259,2514,649,3096,40.20%,,,,
2018,5923,2302,648,2973,38.90%,,,,
2019,5925,2294,746,2885,38.70%,,,,
2020,6092,2998,960,2134,49.20%,,,,
2021,5388,2765,910,1713,51.30%,,,,
2022,5146,2571,863,1712,50.00%,,,,
2023,4790,2453,804,1534,51.20%,,,,
2024,4442,2293,723,1426,51.60%,,,,
2025,3746,,,,,,,,
,,,,,,,,,
2007 Q1,1254,862,158,234,68.80%,,,,
2007 Q2,1310,896,159,254,68.40%,,,,
2007 Q3,1305,886,158,262,67.90%,,,,
2007 Q4,1291,887,133,271,68.70%,,,,
2008 Q1,1297,862,152,284,66.40%,,,,
2008 Q2,1325,879,148,297,66.40%,,,,
2008 Q3,1313,856,149,307,65.20%,,,,
2008 Q4,1311,836,151,323,63.80%,,,,
2009 Q1,1260,802,144,314,63.60%,,,,
2009 Q2,1309,833,144,332,63.60%,,,,
2009 Q3,1267,777,144,346,61.40%,,,,
2009 Q4,1261,754,144,363,59.80%,,,,
2010 Q1,1260,737,145,378,58.50%,,,,
2010 Q2,1266,726,153,387,57.40%,,,,
2010 Q3,1250,702,152,397,56.10%,,,,
2010 Q4,1276,709,153,415,55.50%,,,,
2011 Q1,1319,710,151,458,53.80%,,,,
2011 Q2,1299,701,159,439,53.90%,,,,
2011 Q3,1302,683,149,470,52.50%,,,,
2011 Q4,1373,700,157,516,51.00%,,,,
2012 Q1,1385,685,170,531,49.40%,,,,
2012 Q2,1358,663,169,527,48.80%,,,,
2012 Q3,1368,656,168,544,48.00%,,,,
2012 Q4,1367,635,171,561,46.40%,,,,
2013 Q1,1430,659,177,593,46.10%,,,,
2013 Q2,1423,641,182,599,45.10%,,,,
2013 Q3,1399,624,179,595,44.60%,,,,
2013 Q4,1437,647,164,625,45.10%,,,,
2014 Q1,1463,669,162,632,45.70%,,,,
2014 Q2,1424,617,159,647,43.40%,,,,
2014 Q3,1431,613,155,663,42.90%,,,,
2014 Q4,1444,620,156,668,42.90%,,,,
2015 Q1,1460,621,160,679,42.50%,,,,
2015 Q2,1460,613,169,679,42.00%,,,,
2015 Q3,1464,609,165,690,41.60%,,,,
2015 Q4,1496,626,166,704,41.90%,,,,
2016 Q1,1521,616,161,744,40.50%,,,,
2016 Q2,1552,639,163,751,41.20%,,,,
2016 Q3,1546,649,162,734,42.00%,,,,
2016 Q4,1556,638,164,754,41.00%,,,,
2017 Q1,1561,632,166,764,40.50%,,,,
2017 Q2,1574,636,163,776,40.40%,,,,
2017 Q3,1569,629,161,779,40.10%,,,,
2017 Q4,1554,617,160,778,39.70%,,,,
2018 Q1,1509,602,159,748,39.90%,,,,
2018 Q2,1478,578,160,739,39.20%,,,,
2018 Q3,1470,568,162,740,38.60%,,,,
2018 Q4,1467,554,166,746,37.80%,,,,
2019 Q1,1437,540,168,729,37.50%,,,,
2019 Q2,1430,526,169,735,36.80%,,,,
2019 Q3,1395,520,167,709,37.20%,,,,
2019 Q4,1663,709,242,712,42.70%,,,,
2020 Q1,1582,758,243,582,47.90%,,,,
2020 Q2,1545,748,245,552,48.40%,,,,
2020 Q3,1497,745,238,514,49.80%,,,,
2020 Q4,1469,748,235,486,50.90%,,,,
2021 Q1,1407,728,231,448,51.70%,,,,
2021 Q2,1352,702,227,423,51.90%,,,,
2021 Q3,1324,674,226,424,50.90%,,,,
2021 Q4,1305,661,226,418,50.60%,,,,
2022 Q1,1301,649,222,430,49.90%,,,,
2022 Q2,1301,649,216,435,49.90%,,,,
2022 Q3,1284,641,213,431,49.90%,,,,
2022 Q4,1260,632,212,416,50.20%,,,,
2023 Q1,1210,612,208,390,50.60%,,,,
2023 Q2,1194,607,203,383,50.90%,,,,
2023 Q3,1184,601,199,384,50.80%,,,,
2023 Q4,1202,632,194,377,52.50%,,,,
2024 Q1,1154,599,188,367,51.90%,,,,
2024 Q2,1120,573,183,363,51.20%,,,,
2024 Q3,1106,577,179,351,52.10%,,,,
2024 Q4,1062,545,173,344,51.30%,,,,
2025 Q1,1000,,,,,,,,
2025 Q2,962,,,,,,,,
2025 Q3,918,,,,,,,,
2025 Q4,867,,,,,,,,
2026 Q1,825,,,,,,,,
,,,,,,,,,
Calls,,,,,,,,,
2007,5247,2726,628,1893,52.00%,,,,
2008,4906,2392,604,1910,48.80%,,,,
2009,4546,2142,576,1828,47.10%,,,,
2010,4270,1877,562,1831,44.00%,,,,
2011,3657,1589,456,1612,43.50%,,,,
2012,3218,1402,389,1427,43.60%,,,,
2013,2934,1331,318,1285,45.40%,,,,
2014,2615,1279,266,1069,48.90%,,,,
2015,2348,1234,222,891,52.60%,,,,
2016,2137,1211,180,746,56.70%,,,,
2017,1887,1130,135,622,59.90%,,,,
2018,1652,999,122,532,60.50%,,,,
2019,1283,736,95,452,57.40%,,,,
2020,901,412,100,389,45.80%,,,,
2021,687,286,70,331,41.70%,,,,
2022,547,213,50,285,38.90%,,,,
2023,457,165,36,256,36.10%,,,,
2024,371,123,25,223,33.10%,,,,
2025,318,,,,,,,,
,,,,,,,,,
2007 Q1,1365,717,159,489,52.50%,,,,
2007 Q2,1298,673,153,471,51.90%,,,,
2007 Q3,1292,675,153,463,52.30%,,,,
2007 Q4,1292,661,162,469,51.10%,,,,
2008 Q1,1250,621,158,471,49.70%,,,,
2008 Q2,1254,620,153,481,49.40%,,,,
2008 Q3,1211,577,148,486,47.70%,,,,
2008 Q4,1192,575,146,472,48.20%,,,,
2009 Q1,1133,542,144,446,47.80%,,,,
2009 Q2,1142,547,140,455,47.90%,,,,
2009 Q3,1113,525,142,445,47.20%,,,,
2009 Q4,1158,528,149,481,45.60%,,,,
2010 Q1,1103,488,142,472,44.30%,,,,
2010 Q2,1072,469,138,465,43.70%,,,,
2010 Q3,1051,453,141,457,43.10%,,,,
2010 Q4,1045,468,140,437,44.80%,,,,
2011 Q1,981,424,123,434,43.20%,,,,
2011 Q2,917,403,116,399,43.90%,,,,
2011 Q3,898,388,112,398,43.20%,,,,
2011 Q4,861,374,105,381,43.50%,,,,
2012 Q1,832,366,99,367,44.00%,,,,
2012 Q2,809,347,101,361,43.00%,,,,
2012 Q3,801,351,97,353,43.90%,,,,
2012 Q4,777,338,92,346,43.50%,,,,
2013 Q1,764,336,85,342,44.10%,,,,
2013 Q2,738,330,79,329,44.80%,,,,
2013 Q3,725,332,79,313,45.90%,,,,
2013 Q4,708,332,75,302,46.90%,,,,
2014 Q1,680,327,70,284,48.00%,,,,
2014 Q2,654,315,66,272,48.20%,,,,
2014 Q3,650,320,67,263,49.30%,,,,
2014 Q4,631,317,63,251,50.20%,,,,
2015 Q1,607,310,60,237,51.10%,,,,
2015 Q2,577,298,56,223,51.70%,,,,
2015 Q3,589,311,54,224,52.90%,,,,
2015 Q4,575,315,52,208,54.80%,,,,
2016 Q1,550,302,49,200,54.80%,,,,
2016 Q2,532,297,46,189,55.90%,,,,
2016 Q3,535,309,45,181,57.80%,,,,
2016 Q4,519,303,40,176,58.30%,,,,
2017 Q1,497,292,37,168,58.80%,,,,
2017 Q2,475,284,32,159,59.80%,,,,
2017 Q3,466,279,34,154,59.80%,,,,
2017 Q4,448,275,32,141,61.30%,,,,
2018 Q1,447,279,34,135,62.30%,,,,
2018 Q2,411,247,31,133,60.20%,,,,
2018 Q3,396,235,29,131,59.40%,,,,
2018 Q4,398,238,27,133,59.70%,,,,
2019 Q1,362,219,24,120,60.30%,,,,
2019 Q2,342,206,24,113,60.10%,,,,
2019 Q3,340,199,24,117,58.50%,,,,
2019 Q4,238,113,23,103,47.30%,,,,
2020 Q1,238,119,25,94,50.00%,,,,
2020 Q2,237,110,28,99,46.40%,,,,
2020 Q3,215,93,24,99,42.90%,,,,
2020 Q4,211,91,23,97,43.20%,,,,
2021 Q1,191,79,21,91,41.40%,,,,
2021 Q2,171,71,17,83,41.20%,,,,
2021 Q3,167,70,16,80,42.10%,,,,
2021 Q4,158,66,15,77,42.00%,,,,
2022 Q1,148,59,15,74,40.00%,,,,
2022 Q2,137,54,12,70,39.60%,,,,
2022 Q3,131,51,11,69,38.80%,,,,
2022 Q4,131,48,11,71,37.00%,,,,
2023 Q1,120,43,10,67,36.00%,,,,
2023 Q2,120,46,9,64,38.70%,,,,
2023 Q3,111,39,9,63,35.00%,,,,
2023 Q4,106,36,8,62,34.20%,,,,
2024 Q1,99,33,7,59,33.70%,,,,
2024 Q2,94,32,6,56,34.10%,,,,
2024 Q3,88,28,6,54,32.00%,,,,
2024 Q4,89,29,6,54,32.50%,,,,
2025 Q1,86,,,,,,,,
2025 Q2,80,,,,,,,,
2025 Q3,77,,,,,,,,
2025 Q4,75,,,,,,,,
2026 Q1,67,,,,,,,,
,,,,,,,,,
Table 2: Summary of exchange line numbers at end of quarter (000's),,,,,,,,,
,,,,,,,,,
,All Operators,BT,Virgin Media,Other,BT Share,,,,
2007,35009,22948,4796,7265,65.60%,,,,
2008,34735,21251,4859,8625,61.20%,,,,
2009,34048,18843,4920,10284,55.30%,,,,
2010,33962,17023,4940,12000,50.10%,,,,
2011,33755,15750,4893,13113,46.70%,,,,
2012,33772,14611,4838,14322,43.30%,,,,
2013,33795,13834,4751,15209,40.90%,,,,
2014,33233,13243,4737,15254,39.90%,,,,
2015,33214,12818,4744,15651,38.60%,,,,
2016,32938,12387,4891,15660,37.60%,,,,
2017,32403,12888,4825,14691,39.80%,,,,
2018,32153,12518,4881,14753,38.90%,,,,
2019,33380,13188,4802,15390,39.50%,,,,
2020,32988,13012,4624,15352,39.40%,,,,
2021,31894,12231,4555,15108,38.40%,,,,
2022,30048,11031,4311,14707,36.70%,,,,
2023,26876,9552,3884,13440,35.50%,,,,
2024,24283,8111,3480,12691,33.40%,,,,
2025,21434,,,,,,,,
,,,,,,,,,
2007 Q1,35086,23901,4680,6505,68.10%,,,,
2007 Q2,35012,23647,4639,6725,67.50%,,,,
2007 Q3,34943,23259,4738,6946,66.60%,,,,
2007 Q4,35009,22948,4796,7265,65.60%,,,,
2008 Q1,34948,22543,4798,7608,64.50%,,,,
2008 Q2,34839,22115,4804,7920,63.50%,,,,
2008 Q3,34784,21740,4811,8233,62.50%,,,,
2008 Q4,34735,21251,4859,8625,61.20%,,,,
2009 Q1,34601,20667,4856,9078,59.70%,,,,
2009 Q2,34263,19924,4844,9495,58.20%,,,,
2009 Q3,34138,19374,4852,9912,56.80%,,,,
2009 Q4,34048,18843,4920,10284,55.30%,,,,
2010 Q1,33982,18414,4942,10626,54.20%,,,,
2010 Q2,33948,17953,4944,11050,52.90%,,,,
2010 Q3,33939,17456,4925,11559,51.40%,,,,
2010 Q4,33962,17023,4940,12000,50.10%,,,,
2011 Q1,33846,16683,4955,12208,49.30%,,,,
2011 Q2,33805,16403,4921,12480,48.50%,,,,
2011 Q3,33720,16022,4880,12818,47.50%,,,,
2011 Q4,33755,15750,4893,13113,46.70%,,,,
2012 Q1,33784,15443,4703,13638,45.70%,,,,
2012 Q2,33665,15105,4824,13736,44.90%,,,,
2012 Q3,33555,14777,4824,13955,44.00%,,,,
2012 Q4,33772,14611,4838,14322,43.30%,,,,
2013 Q1,33757,14367,4828,14562,42.60%,,,,
2013 Q2,33768,14114,4800,14854,41.80%,,,,
2013 Q3,33745,14006,4761,14979,41.50%,,,,
2013 Q4,33795,13834,4751,15209,40.90%,,,,
2014 Q1,33714,13691,4742,15281,40.60%,,,,
2014 Q2,33705,13535,4732,15438,40.20%,,,,
2014 Q3,33672,13373,4723,15576,39.70%,,,,
2014 Q4,33233,13243,4737,15254,39.90%,,,,
2015 Q1,33198,13115,4725,15357,39.50%,,,,
2015 Q2,33207,12990,4709,15508,39.10%,,,,
2015 Q3,33149,12894,4707,15547,38.90%,,,,
2015 Q4,33214,12818,4744,15651,38.60%,,,,
2016 Q1,33144,12713,4776,15656,38.40%,,,,
2016 Q2,33040,12595,4819,15626,38.10%,,,,
2016 Q3,32967,12477,4873,15618,37.90%,,,,
2016 Q4,32938,12387,4891,15660,37.60%,,,,
2017 Q1,32635,12238,4811,15586,37.50%,,,,
2017 Q2,32447,12102,4824,15521,37.30%,,,,
2017 Q3,32323,11976,4829,15517,37.10%,,,,
2017 Q4,32403,12888,4825,14691,39.80%,,,,
2018 Q1,32239,12754,4813,14672,39.60%,,,,
2018 Q2,32072,12611,4826,14635,39.30%,,,,
2018 Q3,32008,12464,4849,14694,38.90%,,,,
2018 Q4,32153,12518,4881,14753,38.90%,,,,
2019 Q1,32009,12313,4907,14788,38.50%,,,,
2019 Q2,32026,12213,4949,14865,38.10%,,,,
2019 Q3,31905,12098,4950,14857,37.90%,,,,
2019 Q4,33380,13188,4802,15390,39.50%,,,,
2020 Q1,33294,13148,4763,15383,39.50%,,,,
2020 Q2,33261,13132,4749,15381,39.50%,,,,
2020 Q3,33110,13113,4656,15341,39.60%,,,,
2020 Q4,32988,13012,4624,15352,39.40%,,,,
2021 Q1,32817,12907,4617,15294,39.30%,,,,
2021 Q2,32426,12736,4539,15151,39.30%,,,,
2021 Q3,32248,12505,4557,15186,38.80%,,,,
2021 Q4,31893,12231,4555,15106,38.40%,,,,
2022 Q1,30861,11940,4467,14455,38.70%,,,,
2022 Q2,30444,11698,4380,14366,38.40%,,,,
2022 Q3,30577,11386,4331,14861,37.20%,,,,
2022 Q4,30048,11031,4311,14707,36.70%,,,,
2023 Q1,29365,10793,4236,14336,36.80%,,,,
2023 Q2,28478,10435,4087,13956,36.60%,,,,
2023 Q3,27524,9996,3966,13562,36.30%,,,,
2023 Q4,26876,9552,3884,13440,35.50%,,,,
2024 Q1,26492,9385,3801,13306,35.40%,,,,
2024 Q2,25957,9165,3704,13088,35.30%,,,,
2024 Q3,24966,8484,3612,12870,34.00%,,,,
2024 Q4,24283,8111,3480,12691,33.40%,,,,
2025 Q1,23568,,,,,,,,
2025 Q2,22865,,,,,,,,
2025 Q3,22061,,,,,,,,
2025 Q4,21434,,,,,,,,
2026 Q1,20678,,,,,,,,
,,,,,,,,,
Table 3: Summary of call volumes (millions of minutes),,,,,,,,,
,,,,,,,,,
,All Operators,BT,Virgin Media,Other,BT Share,,,,
2007,164341,82218,22869,59254,50.00%,,,,
2008,145277,67152,19272,58853,46.20%,,,,
2009,130037,56640,17408,55989,43.60%,,,,
2010,124207,49834,15833,58540,40.10%,,,,
2011,111753,43364,13867,54522,38.80%,,,,
2012,102604,39728,12712,50164,38.70%,,,,
2013,92683,35646,11199,45838,38.50%,,,,
2014,81709,31259,10155,40295,38.30%,,,,
2015,73333,28389,8737,36207,38.70%,,,,
2016,64260,25194,7222,31844,39.20%,,,,
2017,52978,21949,4483,26546,41.40%,,,,
2018,47022,19605,6285,21132,41.70%,,,,
2019,39260,16327,4952,17981,41.60%,,,,
2020,46727,19105,5768,21854,40.90%,,,,
2021,40343,15782,4526,20035,39.10%,,,,
2022,29146,12294,3272,13580,42.20%,,,,
2023,23312,9968,2456,10888,42.80%,,,,
2024,18011,7514,1854,8643,41.70%,,,,
2025,14504,,,,,,,,
,,,,,,,,,
2007 Q1,45106,22971,6291,15844,50.90%,,,,
2007 Q2,41194,20765,5651,14778,50.40%,,,,
2007 Q3,40047,19868,5857,14322,49.60%,,,,
2007 Q4,37994,18614,5070,14310,49.00%,,,,
2008 Q1,38056,18400,5040,14616,48.40%,,,,
2008 Q2,36405,16865,4815,14725,46.30%,,,,
2008 Q3,36128,16196,4690,15242,44.80%,,,,
2008 Q4,34688,15691,4727,14270,45.20%,,,,
2009 Q1,34419,15407,4661,14351,44.80%,,,,
2009 Q2,31848,13942,4238,13668,43.80%,,,,
2009 Q3,31313,13684,4238,13391,43.70%,,,,
2009 Q4,32456,13607,4271,14578,41.90%,,,,
2010 Q1,32784,13566,4286,14932,41.40%,,,,
2010 Q2,30542,12102,3851,14589,39.60%,,,,
2010 Q3,30417,11983,3792,14642,39.40%,,,,
2010 Q4,30464,12183,3904,14377,40.00%,,,,
2011 Q1,29638,11619,3711,14308,39.20%,,,,
2011 Q2,27896,10693,3407,13796,38.30%,,,,
2011 Q3,27354,10666,3372,13316,39.00%,,,,
2011 Q4,26865,10386,3377,13102,38.70%,,,,
2012 Q1,26985,10502,3383,13100,38.90%,,,,
2012 Q2,25687,9923,3159,12605,38.60%,,,,
2012 Q3,25041,9678,3089,12274,38.70%,,,,
2012 Q4,24891,9625,3081,12185,38.70%,,,,
2013 Q1,25031,9753,3059,12219,39.00%,,,,
2013 Q2,23324,9078,2698,11548,38.90%,,,,
2013 Q3,22273,8537,2663,11073,38.30%,,,,
2013 Q4,22054,8278,2779,10997,37.50%,,,,
2014 Q1,21221,7914,2674,10633,37.30%,,,,
2014 Q2,20502,7880,2541,10081,38.40%,,,,
2014 Q3,20159,7787,2507,9865,38.60%,,,,
2014 Q4,19826,7678,2433,9715,38.70%,,,,
2015 Q1,19731,7605,2368,9758,38.50%,,,,
2015 Q2,18155,7026,2155,8974,38.70%,,,,
2015 Q3,17892,6961,2115,8816,38.90%,,,,
2015 Q4,17555,6797,2099,8659,38.70%,,,,
2016 Q1,17253,6705,2066,8482,38.90%,,,,
2016 Q2,16233,6327,1910,7996,39.00%,,,,
2016 Q3,15589,6119,1742,7728,39.30%,,,,
2016 Q4,15185,6043,1504,7638,39.80%,,,,
2017 Q1,14701,5954,1310,7437,40.50%,,,,
2017 Q2,13115,5306,1070,6739,40.50%,,,,
2017 Q3,12687,5193,1091,6403,40.90%,,,,
2017 Q4,12475,5496,1012,5967,44.10%,,,,
2018 Q1,12988,5446,1783,5759,41.90%,,,,
2018 Q2,11844,4892,1583,5369,41.30%,,,,
2018 Q3,11246,4702,1505,5039,41.80%,,,,
2018 Q4,10944,4565,1414,4965,41.70%,,,,
2019 Q1,10302,4397,1307,4598,42.70%,,,,
2019 Q2,9635,4050,1220,4365,42.00%,,,,
2019 Q3,9535,3997,1251,4287,41.90%,,,,
2019 Q4,9789,3883,1174,4732,39.70%,,,,
2020 Q1,10680,4482,1348,4850,42.00%,,,,
2020 Q2,12660,5383,1649,5628,42.50%,,,,
2020 Q3,11332,4567,1359,5406,40.30%,,,,
2020 Q4,12054,4673,1412,5969,38.80%,,,,
2021 Q1,11654,4657,1391,5606,40.00%,,,,
2021 Q2,10234,3884,1114,5236,38.00%,,,,
2021 Q3,9379,3679,1026,4674,39.20%,,,,
2021 Q4,9076,3562,995,4519,39.30%,,,,
2022 Q1,8073,3401,948,3724,42.10%,,,,
2022 Q2,7250,3039,817,3394,41.90%,,,,
2022 Q3,7005,2960,761,3284,42.30%,,,,
2022 Q4,6817,2894,746,3177,42.50%,,,,
2023 Q1,6477,2759,691,3027,42.60%,,,,
2023 Q2,5678,2384,608,2686,42.00%,,,,
2023 Q3,5662,2449,604,2609,43.30%,,,,
2023 Q4,5494,2376,553,2565,43.20%,,,,
2024 Q1,5103,2191,525,2387,42.90%,,,,
2024 Q2,4539,1886,466,2187,41.60%,,,,
2024 Q3,4250,1756,436,2058,41.30%,,,,
2024 Q4,4119,1681,427,2011,40.80%,,,,
2025 Q1,3903,,,,,,,,
2025 Q2,3608,,,,,,,,
2025 Q3,3479,,,,,,,,
2025 Q4,3515,,,,,,,,
2026 Q1,3320,,,,,,,,
,,,,,,,,,
Table 4: Summary of call revenues by call type (£millions),,,,,,,,,
,,,,,,,,,
,All calls,UK geographic calls,International calls,Calls to mobiles,Other calls,,,,
2007,5247,1427,636,1745,1439,,,,
2008,4906,1351,602,1682,1272,,,,
2009,4546,1277,488,1589,1193,,,,
2010,4270,1239,445,1457,1128,,,,
2011,3657,1085,379,1226,968,,,,
2012,3218,991,329,1028,870,,,,
2013,2934,903,271,893,868,,,,
2014,2615,771,234,759,850,,,,
2015,2348,677,213,657,800,,,,
2016,2137,617,186,524,810,,,,
2017,1887,542,155,435,754,,,,
2018,1652,469,128,378,677,,,,
2019,1283,378,96,321,487,,,,
2020,901,341,87,321,152,,,,
2021,687,254,59,224,150,,,,
2022,547,185,52,167,155,,,,
2023,457,145,53,135,127,,,,
2024,371,106,51,113,103,,,,
2025,318,95,47,93,85,,,,
,,,,,,,,,
2007 Q1,1365,375,160,436,394,,,,
2007 Q2,1298,348,158,429,363,,,,
2007 Q3,1292,351,159,439,343,,,,
2007 Q4,1292,353,158,442,339,,,,
2008 Q1,1250,337,156,429,328,,,,
2008 Q2,1254,347,157,429,320,,,,
2008 Q3,1211,337,148,419,307,,,,
2008 Q4,1192,329,142,405,316,,,,
2009 Q1,1133,323,132,396,282,,,,
2009 Q2,1142,313,124,399,307,,,,
2009 Q3,1113,308,117,394,294,,,,
2009 Q4,1158,333,116,400,309,,,,
2010 Q1,1103,322,116,381,285,,,,
2010 Q2,1072,302,112,367,291,,,,
2010 Q3,1051,298,110,359,284,,,,
2010 Q4,1045,317,108,351,268,,,,
2011 Q1,981,289,102,330,260,,,,
2011 Q2,917,269,95,311,242,,,,
2011 Q3,898,267,92,300,238,,,,
2011 Q4,861,259,89,285,228,,,,
2012 Q1,832,253,87,272,221,,,,
2012 Q2,809,245,83,260,220,,,,
2012 Q3,801,249,82,254,217,,,,
2012 Q4,777,244,78,242,212,,,,
2013 Q1,764,246,70,229,219,,,,
2013 Q2,738,224,69,226,219,,,,
2013 Q3,725,219,67,224,215,,,,
2013 Q4,708,214,65,214,215,,,,
2014 Q1,680,205,61,202,213,,,,
2014 Q2,654,191,59,188,215,,,,
2014 Q3,650,188,58,190,214,,,,
2014 Q4,631,187,56,180,208,,,,
2015 Q1,607,180,55,172,200,,,,
2015 Q2,577,165,53,164,196,,,,
2015 Q3,589,164,53,166,207,,,,
2015 Q4,575,169,53,156,197,,,,
2016 Q1,550,162,51,139,199,,,,
2016 Q2,532,152,47,133,200,,,,
2016 Q3,535,152,45,130,208,,,,
2016 Q4,519,150,44,122,203,,,,
2017 Q1,497,149,44,117,188,,,,
2017 Q2,475,135,39,111,191,,,,
2017 Q3,466,132,37,105,193,,,,
2017 Q4,448,126,36,103,182,,,,
2018 Q1,447,128,35,100,184,,,,
2018 Q2,411,116,33,96,166,,,,
2018 Q3,396,110,30,94,162,,,,
2018 Q4,398,114,30,88,165,,,,
2019 Q1,362,106,28,82,147,,,,
2019 Q2,342,94,23,81,144,,,,
2019 Q3,340,94,21,81,145,,,,
2019 Q4,238,85,24,77,52,,,,
2020 Q1,238,87,25,79,47,,,,
2020 Q2,237,92,23,93,30,,,,
2020 Q3,215,83,20,79,33,,,,
2020 Q4,211,79,19,70,42,,,,
2021 Q1,191,74,16,62,39,,,,
2021 Q2,171,63,14,58,36,,,,
2021 Q3,167,60,14,54,38,,,,
2021 Q4,158,57,14,50,37,,,,
2022 Q1,148,51,14,47,40,,,,
2022 Q2,137,47,13,42,39,,,,
2022 Q3,131,45,13,40,38,,,,
2022 Q4,131,43,13,38,37,,,,
2023 Q1,120,39,13,35,34,,,,
2023 Q2,120,38,13,35,34,,,,
2023 Q3,111,35,13,33,31,,,,
2023 Q4,106,33,14,31,28,,,,
2024 Q1,99,31,13,29,26,,,,
2024 Q2,94,26,12,29,28,,,,
2024 Q3,88,24,13,28,23,,,,
2024 Q4,89,24,13,26,25,,,,
2025 Q1,86,25,13,25,24,,,,
2025 Q2,80,23,12,24,21,,,,
2025 Q3,77,22,11,23,21,,,,
2025 Q4,75,24,11,21,19,,,,
2026 Q1,67,20,7,22,18,,,,
,,,,,,,,,
Table 5: Summary of call volumes by call type (millions of minutes),,,,,,,,,
,,,,,,,,,
,All Operators,BT,Virgin Media,Other,BT Share,,,,
,,,,,,,,,
UK geographic calls,,,,,,,,,
2007,96870,46133,14434,36303,47.60%,,,,
2008,91725,41345,13732,36648,45.10%,,,,
2009,85004,36503,12646,35855,42.90%,,,,
2010,82664,33102,11648,37914,40.00%,,,,
2011,74772,29302,10208,35262,39.20%,,,,
2012,68891,27162,9387,32342,39.40%,,,,
2013,61307,23711,8145,29451,38.70%,,,,
2014,54366,21165,7539,25662,38.90%,,,,
2015,48169,19131,6651,22387,39.70%,,,,
2016,41679,16978,5574,19127,40.70%,,,,
2017,34427,14914,3338,16175,43.30%,,,,
2018,31194,13323,4756,13115,42.70%,,,,
2019,26156,11370,3735,11051,43.50%,,,,
2020,31423,14051,4129,13243,44.70%,,,,
2021,25512,11224,3223,11065,44.00%,,,,
2022,19019,8429,2244,8346,44.30%,,,,
2023,14864,6645,1658,6561,44.70%,,,,
2024,11209,4975,1253,4981,44.40%,,,,
2025,8480,,,,,,,,
,,,,,,,,,
2007 Q1,25894,12521,3847,9526,48.40%,,,,
2007 Q2,24124,11559,3550,9015,47.90%,,,,
2007 Q3,23384,11170,3413,8801,47.80%,,,,
2007 Q4,23467,10883,3624,8960,46.40%,,,,
2008 Q1,23886,11009,3644,9233,46.10%,,,,
2008 Q2,22802,10324,3400,9078,45.30%,,,,
2008 Q3,22547,10014,3288,9245,44.40%,,,,
2008 Q4,22490,9998,3400,9092,44.50%,,,,
2009 Q1,22461,9903,3390,9168,44.10%,,,,
2009 Q2,20609,8885,3059,8665,43.10%,,,,
2009 Q3,20299,8738,3049,8512,43.10%,,,,
2009 Q4,21635,8977,3148,9510,41.50%,,,,
2010 Q1,21988,9018,3183,9787,41.00%,,,,
2010 Q2,19971,7925,2808,9238,39.70%,,,,
2010 Q3,20115,7828,2747,9540,38.90%,,,,
2010 Q4,20589,8331,2910,9348,40.50%,,,,
2011 Q1,19831,7864,2748,9219,39.70%,,,,
2011 Q2,18508,7185,2494,8829,38.80%,,,,
2011 Q3,18335,7155,2461,8719,39.00%,,,,
2011 Q4,18098,7098,2505,8495,39.20%,,,,
2012 Q1,18177,7245,2505,8427,39.90%,,,,
2012 Q2,17232,6746,2321,8165,39.20%,,,,
2012 Q3,16802,6564,2268,7970,39.10%,,,,
2012 Q4,16680,6607,2293,7780,39.60%,,,,
2013 Q1,16670,6519,2289,7862,39.10%,,,,
2013 Q2,15345,6013,1943,7389,39.20%,,,,
2013 Q3,14582,5580,1862,7140,38.30%,,,,
2013 Q4,14709,5599,2051,7059,38.10%,,,,
2014 Q1,14144,5346,1975,6823,37.80%,,,,
2014 Q2,13677,5340,1875,6462,39.00%,,,,
2014 Q3,13349,5242,1857,6250,39.30%,,,,
2014 Q4,13196,5237,1832,6127,39.70%,,,,
2015 Q1,12922,5155,1788,5979,39.90%,,,,
2015 Q2,11958,4708,1632,5618,39.40%,,,,
2015 Q3,11675,4631,1607,5437,39.70%,,,,
2015 Q4,11613,4637,1624,5352,39.90%,,,,
2016 Q1,11313,4562,1599,5152,40.30%,,,,
2016 Q2,10513,4259,1479,4775,40.50%,,,,
2016 Q3,9970,4082,1341,4547,40.90%,,,,
2016 Q4,9882,4075,1155,4652,41.20%,,,,
2017 Q1,9512,4017,994,4501,42.20%,,,,
2017 Q2,8525,3630,801,4094,42.60%,,,,
2017 Q3,8200,3513,800,3887,42.80%,,,,
2017 Q4,8190,3754,743,3693,45.80%,,,,
2018 Q1,8643,3714,1344,3585,43.00%,,,,
2018 Q2,7796,3281,1189,3326,42.10%,,,,
2018 Q3,7437,3187,1132,3118,42.90%,,,,
2018 Q4,7318,3141,1091,3086,42.90%,,,,
2019 Q1,6883,3040,1018,2825,44.20%,,,,
2019 Q2,6438,2794,943,2701,43.40%,,,,
2019 Q3,6354,2751,958,2645,43.30%,,,,
2019 Q4,6480,2785,816,2879,43.00%,,,,
2020 Q1,7208,3291,958,2959,45.70%,,,,
2020 Q2,8781,4033,1208,3540,45.90%,,,,
2020 Q3,7478,3299,952,3227,44.10%,,,,
2020 Q4,7956,3428,1011,3517,43.10%,,,,
2021 Q1,7638,3398,1003,3237,44.50%,,,,
2021 Q2,6427,2755,791,2881,42.90%,,,,
2021 Q3,5782,2562,721,2499,44.30%,,,,
2021 Q4,5664,2509,708,2447,44.30%,,,,
2022 Q1,5299,2348,650,2301,44.30%,,,,
2022 Q2,4734,2085,561,2088,44.00%,,,,
2022 Q3,4568,2022,526,2020,44.30%,,,,
2022 Q4,4417,1974,507,1936,44.70%,,,,
2023 Q1,4171,1861,471,1839,44.60%,,,,
2023 Q2,3622,1577,412,1633,43.50%,,,,
2023 Q3,3586,1619,401,1566,45.10%,,,,
2023 Q4,3486,1588,374,1524,45.60%,,,,
2024 Q1,3197,1453,354,1390,45.40%,,,,
2024 Q2,2833,1246,316,1271,44.00%,,,,
2024 Q3,2637,1161,294,1182,44.00%,,,,
2024 Q4,2542,1115,289,1138,43.90%,,,,
2025 Q1,2349,,,,,,,,
2025 Q2,2122,,,,,,,,
2025 Q3,2009,,,,,,,,
2025 Q4,2000,,,,,,,,
2026 Q1,1833,,,,,,,,
,,,,,,,,,
International calls,,,,,,,,,
2007,6835,1832,363,4640,26.80%,,,,
2008,7033,1852,366,4815,26.30%,,,,
2009,6689,1709,338,4642,25.60%,,,,
2010,6693,1605,328,4760,24.00%,,,,
2011,6438,1386,302,4750,21.50%,,,,
2012,5839,1176,275,4388,20.10%,,,,
2013,4949,979,257,3713,19.80%,,,,
2014,4372,883,227,3262,20.20%,,,,
2015,4000,789,206,3005,19.70%,,,,
2016,3257,675,173,2409,20.70%,,,,
2017,2471,576,107,1788,23.30%,,,,
2018,1994,496,145,1353,24.90%,,,,
2019,1598,370,114,1114,23.20%,,,,
2020,1679,333,108,1238,19.80%,,,,
2021,1204,251,71,882,20.80%,,,,
2022,936,179,54,703,19.10%,,,,
2023,782,134,38,610,17.10%,,,,
2024,666,97,29,540,14.60%,,,,
2025,574,,,,,,,,
,,,,,,,,,
2007 Q1,1716,467,77,1172,27.20%,,,,
2007 Q2,1699,461,91,1147,27.10%,,,,
2007 Q3,1694,458,96,1140,27.00%,,,,
2007 Q4,1725,446,99,1180,25.90%,,,,
2008 Q1,1769,475,98,1196,26.90%,,,,
2008 Q2,1779,467,92,1220,26.30%,,,,
2008 Q3,1756,455,87,1214,25.90%,,,,
2008 Q4,1729,455,89,1185,26.30%,,,,
2009 Q1,1735,452,86,1197,26.00%,,,,
2009 Q2,1670,426,83,1161,25.50%,,,,
2009 Q3,1613,407,84,1122,25.20%,,,,
2009 Q4,1670,424,85,1161,25.40%,,,,
2010 Q1,1675,421,85,1169,25.10%,,,,
2010 Q2,1689,405,82,1202,24.00%,,,,
2010 Q3,1663,386,80,1197,23.20%,,,,
2010 Q4,1666,393,81,1192,23.60%,,,,
2011 Q1,1745,382,79,1284,21.90%,,,,
2011 Q2,1683,359,78,1246,21.30%,,,,
2011 Q3,1511,329,72,1110,21.80%,,,,
2011 Q4,1499,316,73,1110,21.10%,,,,
2012 Q1,1505,318,72,1115,21.10%,,,,
2012 Q2,1506,298,70,1138,19.80%,,,,
2012 Q3,1460,277,65,1118,19.00%,,,,
2012 Q4,1368,283,68,1017,20.70%,,,,
2013 Q1,1295,260,67,968,20.10%,,,,
2013 Q2,1268,252,65,951,19.90%,,,,
2013 Q3,1202,235,62,905,19.60%,,,,
2013 Q4,1184,232,63,889,19.60%,,,,
2014 Q1,1140,221,60,859,19.40%,,,,
2014 Q2,1095,225,57,813,20.50%,,,,
2014 Q3,1069,218,55,796,20.40%,,,,
2014 Q4,1068,219,55,794,20.50%,,,,
2015 Q1,1085,212,54,819,19.50%,,,,
2015 Q2,996,200,50,746,20.10%,,,,
2015 Q3,967,190,51,726,19.70%,,,,
2015 Q4,952,187,51,714,19.60%,,,,
2016 Q1,896,181,50,665,20.20%,,,,
2016 Q2,849,175,46,628,20.60%,,,,
2016 Q3,788,162,41,585,20.60%,,,,
2016 Q4,724,157,36,531,21.70%,,,,
2017 Q1,666,153,31,482,23.00%,,,,
2017 Q2,612,140,26,446,22.90%,,,,
2017 Q3,601,130,26,445,21.60%,,,,
2017 Q4,593,153,24,416,25.80%,,,,
2018 Q1,559,146,41,372,26.10%,,,,
2018 Q2,527,135,38,354,25.60%,,,,
2018 Q3,459,110,34,315,24.00%,,,,
2018 Q4,448,105,32,311,23.40%,,,,
2019 Q1,417,103,31,283,24.70%,,,,
2019 Q2,392,94,28,270,24.00%,,,,
2019 Q3,364,88,28,248,24.20%,,,,
2019 Q4,426,85,27,314,20.00%,,,,
2020 Q1,426,91,27,308,21.40%,,,,
2020 Q2,424,90,31,303,21.20%,,,,
2020 Q3,388,73,25,290,18.80%,,,,
2020 Q4,441,79,25,337,17.90%,,,,
2021 Q1,347,74,22,251,21.30%,,,,
2021 Q2,319,65,18,236,20.40%,,,,
2021 Q3,265,56,16,193,21.10%,,,,
2021 Q4,273,56,15,202,20.50%,,,,
2022 Q1,258,51,16,191,19.70%,,,,
2022 Q2,241,45,15,181,18.60%,,,,
2022 Q3,221,42,11,168,19.00%,,,,
2022 Q4,215,41,12,162,19.00%,,,,
2023 Q1,211,39,11,161,18.50%,,,,
2023 Q2,194,32,10,152,16.50%,,,,
2023 Q3,189,32,8,149,17.00%,,,,
2023 Q4,188,31,9,148,16.50%,,,,
2024 Q1,182,28,8,146,15.40%,,,,
2024 Q2,164,24,7,133,14.70%,,,,
2024 Q3,162,24,7,131,14.80%,,,,
2024 Q4,158,21,7,130,13.30%,,,,
2025 Q1,156,,,,,,,,
2025 Q2,146,,,,,,,,
2025 Q3,137,,,,,,,,
2025 Q4,135,,,,,,,,
2026 Q1,133,,,,,,,,
,,,,,,,,,
Calls to mobiles,,,,,,,,,
2007,14599,7192,1589,5818,49.30%,,,,
2008,13556,6266,1328,5962,46.20%,,,,
2009,12389,5254,1124,6011,42.40%,,,,
2010,11807,4538,975,6294,38.40%,,,,
2011,10408,3922,848,5638,37.70%,,,,
2012,9463,3622,801,5040,38.30%,,,,
2013,8725,3148,920,4657,36.10%,,,,
2014,7672,2899,778,3995,37.80%,,,,
2015,7109,2703,720,3686,38.00%,,,,
2016,6903,2525,633,3745,36.60%,,,,
2017,6280,2304,508,3468,36.70%,,,,
2018,5732,2078,707,2947,36.30%,,,,
2019,5239,1822,631,2786,34.80%,,,,
2020,7199,2559,831,3809,35.60%,,,,
2021,6954,2460,723,3771,35.40%,,,,
2022,5545,2029,527,2989,36.60%,,,,
2023,4825,1773,436,2616,36.70%,,,,
2024,4056,1406,337,2313,34.70%,,,,
2025,3720,,,,,,,,
,,,,,,,,,
2007 Q1,3814,1892,419,1503,49.60%,,,,
2007 Q2,3699,1836,405,1458,49.60%,,,,
2007 Q3,3597,1791,385,1421,49.80%,,,,
2007 Q4,3488,1673,380,1435,48.00%,,,,
2008 Q1,3456,1655,355,1446,47.90%,,,,
2008 Q2,3453,1616,341,1496,46.80%,,,,
2008 Q3,3393,1543,323,1527,45.50%,,,,
2008 Q4,3253,1452,309,1492,44.60%,,,,
2009 Q1,3203,1397,296,1510,43.60%,,,,
2009 Q2,3057,1323,283,1451,43.30%,,,,
2009 Q3,3056,1297,279,1480,42.50%,,,,
2009 Q4,3073,1237,266,1570,40.30%,,,,
2010 Q1,3080,1206,258,1616,39.20%,,,,
2010 Q2,2944,1131,244,1569,38.40%,,,,
2010 Q3,2925,1111,238,1576,38.00%,,,,
2010 Q4,2859,1090,235,1534,38.10%,,,,
2011 Q1,2731,1025,219,1487,37.50%,,,,
2011 Q2,2625,975,209,1441,37.20%,,,,
2011 Q3,2580,986,211,1383,38.20%,,,,
2011 Q4,2473,936,209,1328,37.80%,,,,
2012 Q1,2463,950,209,1304,38.60%,,,,
2012 Q2,2379,909,198,1272,38.20%,,,,
2012 Q3,2340,899,198,1243,38.40%,,,,
2012 Q4,2280,864,196,1220,37.90%,,,,
2013 Q1,2258,838,196,1224,37.10%,,,,
2013 Q2,2224,817,219,1188,36.70%,,,,
2013 Q3,2218,763,296,1159,34.40%,,,,
2013 Q4,2025,730,209,1086,36.10%,,,,
2014 Q1,1943,706,197,1040,36.30%,,,,
2014 Q2,1933,740,195,998,38.30%,,,,
2014 Q3,1929,740,195,994,38.40%,,,,
2014 Q4,1867,713,191,963,38.20%,,,,
2015 Q1,1837,703,185,949,38.30%,,,,
2015 Q2,1772,675,177,920,38.10%,,,,
2015 Q3,1770,675,180,915,38.10%,,,,
2015 Q4,1729,650,178,901,37.60%,,,,
2016 Q1,1748,644,172,932,36.80%,,,,
2016 Q2,1736,646,165,925,37.20%,,,,
2016 Q3,1695,632,154,909,37.30%,,,,
2016 Q4,1724,603,142,979,35.00%,,,,
2017 Q1,1689,601,134,954,35.60%,,,,
2017 Q2,1588,571,119,898,36.00%,,,,
2017 Q3,1518,559,131,828,36.80%,,,,
2017 Q4,1485,573,124,788,38.60%,,,,
2018 Q1,1542,567,194,781,36.80%,,,,
2018 Q2,1465,535,184,746,36.50%,,,,
2018 Q3,1379,499,170,710,36.20%,,,,
2018 Q4,1345,477,159,709,35.50%,,,,
2019 Q1,1319,478,152,689,36.20%,,,,
2019 Q2,1296,455,161,680,35.10%,,,,
2019 Q3,1301,451,168,682,34.70%,,,,
2019 Q4,1322,438,150,734,33.10%,,,,
2020 Q1,1441,514,172,755,35.70%,,,,
2020 Q2,1936,693,237,1006,35.80%,,,,
2020 Q3,1866,671,207,988,36.00%,,,,
2020 Q4,1957,681,215,1061,34.80%,,,,
2021 Q1,1913,690,214,1009,36.10%,,,,
2021 Q2,1806,613,182,1011,34.00%,,,,
2021 Q3,1657,592,168,897,35.70%,,,,
2021 Q4,1579,565,159,855,35.80%,,,,
2022 Q1,1550,563,154,833,36.30%,,,,
2022 Q2,1379,500,130,749,36.30%,,,,
2022 Q3,1315,488,118,709,37.10%,,,,
2022 Q4,1301,478,125,698,36.70%,,,,
2023 Q1,1278,471,115,692,36.90%,,,,
2023 Q2,1167,422,106,639,36.10%,,,,
2023 Q3,1192,441,114,637,37.00%,,,,
2023 Q4,1188,439,101,648,37.00%,,,,
2024 Q1,1129,415,94,620,36.80%,,,,
2024 Q2,1010,349,84,577,34.50%,,,,
2024 Q3,957,320,80,557,33.40%,,,,
2024 Q4,959,322,79,558,33.60%,,,,
2025 Q1,942,,,,,,,,
2025 Q2,907,,,,,,,,
2025 Q3,907,,,,,,,,
2025 Q4,963,,,,,,,,
2026 Q1,946,,,,,,,,
,,,,,,,,,
Other calls,,,,,,,,,
2007,46038,27061,6483,12494,58.80%,,,,
2008,32963,17689,3846,11428,53.70%,,,,
2009,25955,13174,3300,9481,50.80%,,,,
2010,23042,10589,2882,9571,46.00%,,,,
2011,20135,8754,2509,8872,43.50%,,,,
2012,18410,7768,2249,8393,42.20%,,,,
2013,17703,7808,1877,8018,44.10%,,,,
2014,15299,6312,1611,7376,41.30%,,,,
2015,14055,5766,1160,7129,41.00%,,,,
2016,12421,5016,842,6563,40.40%,,,,
2017,9800,4155,530,5115,42.40%,,,,
2018,8102,3708,677,3717,45.80%,,,,
2019,6267,2765,472,3030,44.10%,,,,
2020,6426,2162,700,3564,33.60%,,,,
2021,6673,1847,509,4317,27.70%,,,,
2022,3646,1657,447,1542,45.50%,,,,
2023,2840,1416,324,1100,49.90%,,,,
2024,2080,1036,235,809,49.80%,,,,
2025,1730,,,,,,,,
,,,,,,,,,
2007 Q1,13682,8091,1948,3643,59.10%,,,,
2007 Q2,11672,6909,1605,3158,59.20%,,,,
2007 Q3,11371,6449,1963,2959,56.70%,,,,
2007 Q4,9313,5612,967,2734,60.30%,,,,
2008 Q1,8945,5261,943,2741,58.80%,,,,
2008 Q2,8371,4458,982,2931,53.30%,,,,
2008 Q3,8431,4184,992,3255,49.60%,,,,
2008 Q4,7216,3786,929,2501,52.50%,,,,
2009 Q1,7019,3655,889,2475,52.10%,,,,
2009 Q2,6512,3308,813,2391,50.80%,,,,
2009 Q3,6346,3242,826,2278,51.10%,,,,
2009 Q4,6077,2969,772,2336,48.90%,,,,
2010 Q1,6041,2921,760,2360,48.40%,,,,
2010 Q2,5938,2641,717,2580,44.50%,,,,
2010 Q3,5714,2658,727,2329,46.50%,,,,
2010 Q4,5349,2369,678,2302,44.30%,,,,
2011 Q1,5332,2348,665,2319,44.00%,,,,
2011 Q2,5080,2174,626,2280,42.80%,,,,
2011 Q3,4929,2196,628,2105,44.60%,,,,
2011 Q4,4795,2036,590,2169,42.50%,,,,
2012 Q1,4840,1989,597,2254,41.10%,,,,
2012 Q2,4570,1970,570,2030,43.10%,,,,
2012 Q3,4439,1938,558,1943,43.70%,,,,
2012 Q4,4562,1871,524,2167,41.00%,,,,
2013 Q1,4807,2136,507,2164,44.40%,,,,
2013 Q2,4487,1996,471,2020,44.50%,,,,
2013 Q3,4271,1959,443,1869,45.90%,,,,
2013 Q4,4137,1717,456,1964,41.50%,,,,
2014 Q1,3995,1641,442,1912,41.10%,,,,
2014 Q2,3797,1575,414,1808,41.50%,,,,
2014 Q3,3811,1587,400,1824,41.60%,,,,
2014 Q4,3696,1509,355,1832,40.80%,,,,
2015 Q1,3887,1535,341,2011,39.50%,,,,
2015 Q2,3429,1443,296,1690,42.10%,,,,
2015 Q3,3479,1465,277,1737,42.10%,,,,
2015 Q4,3260,1323,246,1691,40.60%,,,,
2016 Q1,3296,1318,245,1733,40.00%,,,,
2016 Q2,3135,1247,220,1668,39.80%,,,,
2016 Q3,3136,1243,206,1687,39.60%,,,,
2016 Q4,2854,1208,171,1475,42.30%,,,,
2017 Q1,2834,1183,151,1500,41.70%,,,,
2017 Q2,2390,965,124,1301,40.40%,,,,
2017 Q3,2368,991,134,1243,41.90%,,,,
2017 Q4,2208,1016,121,1071,46.00%,,,,
2018 Q1,2243,1019,204,1020,45.40%,,,,
2018 Q2,2055,941,172,942,45.80%,,,,
2018 Q3,1971,906,169,896,46.00%,,,,
2018 Q4,1832,842,132,858,46.00%,,,,
2019 Q1,1682,776,106,800,46.10%,,,,
2019 Q2,1509,707,88,714,46.90%,,,,
2019 Q3,1515,707,97,711,46.70%,,,,
2019 Q4,1561,575,181,805,36.80%,,,,
2020 Q1,1606,586,191,829,36.50%,,,,
2020 Q2,1520,567,173,780,37.30%,,,,
2020 Q3,1600,524,175,901,32.80%,,,,
2020 Q4,1701,485,161,1055,28.50%,,,,
2021 Q1,1757,495,152,1110,28.20%,,,,
2021 Q2,1682,451,123,1108,26.80%,,,,
2021 Q3,1675,469,121,1085,28.00%,,,,
2021 Q4,1559,432,113,1014,27.70%,,,,
2022 Q1,966,439,128,399,45.40%,,,,
2022 Q2,895,409,111,375,45.70%,,,,
2022 Q3,901,408,106,387,45.30%,,,,
2022 Q4,884,401,102,381,45.40%,,,,
2023 Q1,818,388,94,336,47.50%,,,,
2023 Q2,694,353,80,261,50.80%,,,,
2023 Q3,696,357,81,258,51.30%,,,,
2023 Q4,632,318,69,245,50.30%,,,,
2024 Q1,595,295,69,231,49.60%,,,,
2024 Q2,532,267,59,206,50.20%,,,,
2024 Q3,493,251,55,187,50.90%,,,,
2024 Q4,460,223,52,185,48.50%,,,,
2025 Q1,456,,,,,,,,
2025 Q2,432,,,,,,,,
2025 Q3,426,,,,,,,,
2025 Q4,417,,,,,,,,
2026 Q1,408,,,,,,,,
,,,,,,,,,
Table 6: Summary of residential network access & call revenues (£millions),,,,,,,,,
,,,,,,,,,
,All Operators,BT,Virgin Media,Other,BT Share,,,,
,,,,,,,,,
Access & calls,,,,,,,,,
2007,6218,3848,1076,1295,61.90%,,,,
2008,6196,3617,1055,1524,58.40%,,,,
2009,6075,3363,1044,1668,55.40%,,,,
2010,6057,3092,1061,1904,51.00%,,,,
2011,5827,2811,976,2040,48.20%,,,,
2012,5847,2603,976,2268,44.50%,,,,
2013,5905,2541,937,2427,43.00%,,,,
2014,5901,2534,822,2545,42.90%,,,,
2015,5965,2514,807,2644,42.20%,,,,
2016,6044,2541,761,2742,42.00%,,,,
2017,6042,2509,719,2814,41.50%,,,,
2018,5732,2315,716,2701,40.40%,,,,
2019,5580,2163,799,2618,38.80%,,,,
2020,5361,2552,1016,1793,47.60%,,,,
2021,4760,2381,942,1437,50.00%,,,,
2022,4517,2216,883,1417,49.10%,,,,
2023,4171,2104,817,1249,50.50%,,,,
2024,3813,1973,731,1109,51.70%,,,,
2025,3187,,,,,,,,
,,,,,,,,,
2007 Q1,1564,983,278,304,62.80%,,,,
2007 Q2,1534,950,272,312,61.90%,,,,
2007 Q3,1555,957,271,328,61.50%,,,,
2007 Q4,1565,958,256,350,61.30%,,,,
2008 Q1,1538,901,271,365,58.60%,,,,
2008 Q2,1579,938,264,378,59.40%,,,,
2008 Q3,1531,888,260,383,58.00%,,,,
2008 Q4,1548,890,260,398,57.50%,,,,
2009 Q1,1469,829,260,380,56.40%,,,,
2009 Q2,1551,886,258,407,57.10%,,,,
2009 Q3,1501,822,259,420,54.80%,,,,
2009 Q4,1554,826,268,461,53.10%,,,,
2010 Q1,1511,789,261,462,52.20%,,,,
2010 Q2,1509,776,265,467,51.50%,,,,
2010 Q3,1498,750,268,480,50.10%,,,,
2010 Q4,1540,777,267,496,50.50%,,,,
2011 Q1,1480,725,249,506,49.00%,,,,
2011 Q2,1424,703,251,470,49.30%,,,,
2011 Q3,1445,690,238,517,47.80%,,,,
2011 Q4,1478,693,239,547,46.90%,,,,
2012 Q1,1482,681,244,557,46.00%,,,,
2012 Q2,1454,654,246,553,45.00%,,,,
2012 Q3,1453,642,242,569,44.20%,,,,
2012 Q4,1458,625,243,590,42.90%,,,,
2013 Q1,1500,649,241,610,43.30%,,,,
2013 Q2,1480,629,241,610,42.50%,,,,
2013 Q3,1471,631,236,604,42.90%,,,,
2013 Q4,1453,631,218,604,43.40%,,,,
2014 Q1,1489,662,212,615,44.50%,,,,
2014 Q2,1467,626,207,634,42.70%,,,,
2014 Q3,1471,621,202,648,42.20%,,,,
2014 Q4,1473,624,201,648,42.40%,,,,
2015 Q1,1496,635,200,661,42.40%,,,,
2015 Q2,1477,619,206,652,41.90%,,,,
2015 Q3,1484,619,201,664,41.70%,,,,
2015 Q4,1508,642,199,667,42.60%,,,,
2016 Q1,1522,631,191,700,41.50%,,,,
2016 Q2,1497,618,191,688,41.30%,,,,
2016 Q3,1510,649,190,671,43.00%,,,,
2016 Q4,1514,643,188,684,42.40%,,,,
2017 Q1,1500,625,185,689,41.70%,,,,
2017 Q2,1519,632,179,708,41.60%,,,,
2017 Q3,1516,626,179,711,41.30%,,,,
2017 Q4,1508,627,176,706,41.60%,,,,
2018 Q1,1476,621,178,677,42.10%,,,,
2018 Q2,1417,571,177,668,40.30%,,,,
2018 Q3,1414,563,179,673,39.80%,,,,
2018 Q4,1424,560,182,683,39.30%,,,,
2019 Q1,1395,542,182,672,38.80%,,,,
2019 Q2,1377,520,182,675,37.80%,,,,
2019 Q3,1343,514,181,648,38.30%,,,,
2019 Q4,1464,586,255,623,40.10%,,,,
2020 Q1,1402,652,256,494,46.50%,,,,
2020 Q2,1376,643,262,471,46.70%,,,,
2020 Q3,1306,625,250,431,47.80%,,,,
2020 Q4,1286,633,247,406,49.20%,,,,
2021 Q1,1232,617,242,372,50.10%,,,,
2021 Q2,1193,603,234,355,50.60%,,,,
2021 Q3,1174,585,233,356,49.80%,,,,
2021 Q4,1162,576,233,353,49.60%,,,,
2022 Q1,1150,562,229,360,48.80%,,,,
2022 Q2,1140,560,221,359,49.10%,,,,
2022 Q3,1125,551,218,356,49.00%,,,,
2022 Q4,1101,543,216,342,49.30%,,,,
2023 Q1,1054,524,212,318,49.70%,,,,
2023 Q2,1038,522,207,309,50.30%,,,,
2023 Q3,1025,514,202,309,50.10%,,,,
2023 Q4,1053,544,196,313,51.60%,,,,
2024 Q1,998,520,190,287,52.10%,,,,
2024 Q2,958,491,185,282,51.20%,,,,
2024 Q3,951,497,181,273,52.30%,,,,
2024 Q4,907,465,175,267,51.20%,,,,
2025 Q1,853,,,,,,,,
2025 Q2,815,,,,,,,,
2025 Q3,779,,,,,,,,
2025 Q4,740,,,,,,,,
2026 Q1,705,,,,,,,,
,,,,,,,,,
Access,,,,,,,,,
2007,3127,2058,544,525,65.80%,,,,
2008,3223,2025,532,666,62.80%,,,,
2009,3181,1893,538,750,59.50%,,,,
2010,3228,1734,563,931,53.70%,,,,
2011,3385,1664,576,1145,49.10%,,,,
2012,3702,1591,639,1472,43.00%,,,,
2013,3968,1589,668,1712,40.00%,,,,
2014,4142,1602,599,1940,38.70%,,,,
2015,4371,1608,624,2139,36.80%,,,,
2016,4641,1669,612,2360,36.00%,,,,
2017,4821,1697,614,2510,35.20%,,,,
2018,4665,1585,618,2462,34.00%,,,,
2019,4759,1627,721,2411,34.20%,,,,
2020,4812,2281,936,1596,47.40%,,,,
2021,4356,2206,887,1262,50.70%,,,,
2022,4205,2087,843,1275,49.60%,,,,
2023,3913,1994,788,1131,51.00%,,,,
2024,3618,1898,710,1010,52.50%,,,,
2025,3016,,,,,,,,
,,,,,,,,,
2007 Q1,768,508,144,116,66.10%,,,,
2007 Q2,783,514,142,127,65.60%,,,,
2007 Q3,797,519,141,137,65.10%,,,,
2007 Q4,779,517,117,145,66.40%,,,,
2008 Q1,781,494,135,152,63.30%,,,,
2008 Q2,825,530,132,163,64.20%,,,,
2008 Q3,805,503,132,169,62.60%,,,,
2008 Q4,813,498,133,182,61.30%,,,,
2009 Q1,774,471,135,168,60.90%,,,,
2009 Q2,826,509,135,182,61.60%,,,,
2009 Q3,790,464,134,193,58.60%,,,,
2009 Q4,791,450,135,206,56.90%,,,,
2010 Q1,790,441,135,214,55.80%,,,,
2010 Q2,807,437,143,226,54.20%,,,,
2010 Q3,806,426,143,238,52.80%,,,,
2010 Q4,826,431,142,253,52.10%,,,,
2011 Q1,822,418,141,264,50.80%,,,,
2011 Q2,815,413,149,252,50.70%,,,,
2011 Q3,847,412,139,296,48.60%,,,,
2011 Q4,901,420,147,333,46.70%,,,,
2012 Q1,933,419,159,355,44.90%,,,,
2012 Q2,917,404,159,355,44.00%,,,,
2012 Q3,918,390,158,370,42.40%,,,,
2012 Q4,934,379,163,392,40.60%,,,,
2013 Q1,993,404,168,420,40.70%,,,,
2013 Q2,997,395,174,428,39.70%,,,,
2013 Q3,994,395,170,428,39.80%,,,,
2013 Q4,984,393,155,435,40.00%,,,,
2014 Q1,1036,426,154,456,41.20%,,,,
2014 Q2,1026,394,151,481,38.40%,,,,
2014 Q3,1034,389,147,498,37.70%,,,,
2014 Q4,1046,392,148,506,37.50%,,,,
2015 Q1,1083,406,152,526,37.50%,,,,
2015 Q2,1085,399,160,526,36.80%,,,,
2015 Q3,1086,393,157,536,36.20%,,,,
2015 Q4,1117,411,155,551,36.80%,,,,
2016 Q1,1159,412,151,596,35.50%,,,,
2016 Q2,1151,407,153,592,35.30%,,,,
2016 Q3,1157,426,153,578,36.80%,,,,
2016 Q4,1174,425,155,594,36.20%,,,,
2017 Q1,1185,421,157,607,35.50%,,,,
2017 Q2,1209,427,154,628,35.30%,,,,
2017 Q3,1212,425,153,634,35.10%,,,,
2017 Q4,1215,424,151,640,34.90%,,,,
2018 Q1,1179,414,151,614,35.10%,,,,
2018 Q2,1157,395,153,609,34.20%,,,,
2018 Q3,1160,392,154,614,33.70%,,,,
2018 Q4,1168,384,159,625,32.90%,,,,
2019 Q1,1158,380,162,617,32.80%,,,,
2019 Q2,1153,368,163,623,31.90%,,,,
2019 Q3,1124,366,161,597,32.50%,,,,
2019 Q4,1324,514,236,573,38.80%,,,,
2020 Q1,1253,572,237,444,45.70%,,,,
2020 Q2,1220,566,239,415,46.40%,,,,
2020 Q3,1179,567,232,380,48.10%,,,,
2020 Q4,1161,575,229,357,49.50%,,,,
2021 Q1,1115,565,226,324,50.70%,,,,
2021 Q2,1094,560,221,313,51.20%,,,,
2021 Q3,1078,544,220,314,50.50%,,,,
2021 Q4,1069,537,220,312,50.20%,,,,
2022 Q1,1066,528,216,322,49.50%,,,,
2022 Q2,1062,527,211,323,49.60%,,,,
2022 Q3,1050,520,208,321,49.50%,,,,
2022 Q4,1028,513,207,308,49.90%,,,,
2023 Q1,987,496,204,286,50.30%,,,,
2023 Q2,967,489,199,279,50.60%,,,,
2023 Q3,965,489,195,281,50.70%,,,,
2023 Q4,995,520,190,285,52.30%,,,,
2024 Q1,944,498,184,261,52.80%,,,,
2024 Q2,908,471,180,257,51.90%,,,,
2024 Q3,905,481,176,249,53.10%,,,,
2024 Q4,861,447,170,243,51.90%,,,,
2025 Q1,809,,,,,,,,
2025 Q2,773,,,,,,,,
2025 Q3,737,,,,,,,,
2025 Q4,698,,,,,,,,
2026 Q1,666,,,,,,,,
,,,,,,,,,
Calls,,,,,,,,,
2007,3091,1791,531,769,57.90%,,,,
2008,2973,1592,523,858,53.50%,,,,
2009,2894,1470,506,918,50.80%,,,,
2010,2829,1358,498,973,48.00%,,,,
2011,2441,1147,400,895,47.00%,,,,
2012,2145,1012,337,796,47.20%,,,,
2013,1936,952,269,715,49.20%,,,,
2014,1759,932,222,605,53.00%,,,,
2015,1594,906,183,505,56.80%,,,,
2016,1404,872,149,382,62.10%,,,,
2017,1222,812,105,305,66.50%,,,,
2018,1067,730,98,239,68.40%,,,,
2019,821,536,78,207,65.30%,,,,
2020,558,272,80,207,48.70%,,,,
2021,405,175,55,175,43.30%,,,,
2022,311,129,40,143,41.30%,,,,
2023,257,110,29,118,42.70%,,,,
2024,195,75,21,100,38.20%,,,,
2025,170,,,,,,,,
,,,,,,,,,
2007 Q1,796,475,133,188,59.70%,,,,
2007 Q2,751,436,129,185,58.10%,,,,
2007 Q3,759,438,130,191,57.70%,,,,
2007 Q4,786,441,139,205,56.20%,,,,
2008 Q1,757,407,136,213,53.80%,,,,
2008 Q2,755,408,132,215,54.10%,,,,
2008 Q3,726,385,128,214,53.00%,,,,
2008 Q4,735,392,127,216,53.30%,,,,
2009 Q1,695,358,126,212,51.50%,,,,
2009 Q2,725,377,123,225,52.00%,,,,
2009 Q3,710,359,125,227,50.50%,,,,
2009 Q4,764,376,133,255,49.30%,,,,
2010 Q1,721,348,126,247,48.30%,,,,
2010 Q2,702,339,122,241,48.30%,,,,
2010 Q3,692,325,125,243,46.90%,,,,
2010 Q4,714,346,125,243,48.50%,,,,
2011 Q1,657,307,108,242,46.70%,,,,
2011 Q2,609,289,102,218,47.50%,,,,
2011 Q3,598,278,98,221,46.60%,,,,
2011 Q4,577,272,91,213,47.20%,,,,
2012 Q1,549,262,86,202,47.70%,,,,
2012 Q2,537,251,88,198,46.80%,,,,
2012 Q3,535,252,84,199,47.20%,,,,
2012 Q4,524,247,80,198,47.10%,,,,
2013 Q1,507,245,73,190,48.30%,,,,
2013 Q2,483,234,67,182,48.50%,,,,
2013 Q3,477,235,66,176,49.30%,,,,
2013 Q4,469,238,63,168,50.70%,,,,
2014 Q1,453,236,58,159,52.00%,,,,
2014 Q2,442,232,56,154,52.60%,,,,
2014 Q3,437,232,55,150,53.00%,,,,
2014 Q4,427,232,53,142,54.40%,,,,
2015 Q1,413,229,49,135,55.50%,,,,
2015 Q2,392,220,46,126,56.10%,,,,
2015 Q3,398,226,44,127,56.80%,,,,
2015 Q4,391,231,44,117,59.10%,,,,
2016 Q1,363,219,40,104,60.40%,,,,
2016 Q2,346,212,38,96,61.20%,,,,
2016 Q3,354,223,37,93,63.10%,,,,
2016 Q4,341,218,33,90,64.00%,,,,
2017 Q1,315,204,29,82,64.80%,,,,
2017 Q2,310,205,26,79,66.10%,,,,
2017 Q3,304,200,26,77,66.00%,,,,
2017 Q4,293,203,24,66,69.20%,,,,
2018 Q1,297,207,27,63,69.80%,,,,
2018 Q2,260,176,24,60,67.70%,,,,
2018 Q3,254,171,24,59,67.40%,,,,
2018 Q4,256,176,22,58,68.60%,,,,
2019 Q1,237,163,20,54,68.60%,,,,
2019 Q2,224,152,19,52,67.90%,,,,
2019 Q3,220,149,20,51,67.70%,,,,
2019 Q4,140,72,18,49,51.60%,,,,
2020 Q1,150,79,20,47,54.40%,,,,
2020 Q2,150,76,23,51,50.80%,,,,
2020 Q3,127,57,19,51,45.20%,,,,
2020 Q4,126,59,18,49,46.70%,,,,
2021 Q1,117,52,16,49,44.40%,,,,
2021 Q2,99,43,14,42,43.80%,,,,
2021 Q3,95,41,13,42,42.40%,,,,
2021 Q4,93,39,12,41,42.30%,,,,
2022 Q1,84,34,12,38,40.40%,,,,
2022 Q2,78,33,10,36,41.90%,,,,
2022 Q3,76,31,9,35,41.30%,,,,
2022 Q4,74,31,9,34,41.50%,,,,
2023 Q1,68,28,8,32,41.10%,,,,
2023 Q2,71,33,8,30,47.10%,,,,
2023 Q3,60,25,7,29,40.80%,,,,
2023 Q4,59,24,6,28,41.10%,,,,
2024 Q1,54,22,6,26,40.60%,,,,
2024 Q2,50,19,5,25,38.30%,,,,
2024 Q3,46,16,5,24,35.70%,,,,
2024 Q4,46,17,5,24,38.00%,,,,
2025 Q1,44,,,,,,,,
2025 Q2,42,,,,,,,,
2025 Q3,43,,,,,,,,
2025 Q4,41,,,,,,,,
2026 Q1,39,,,,,,,,
,,,,,,,,,
Table 7: Summary of residential exchange line numbers at end of quarter (000's),,,,,,,,,
,,,,,,,,,
,All Operators,BT,Virgin Media,Other,BT Share,,,,
2007,23585,16050,4114,3421,68.10%,,,,
2008,23538,14956,4170,4412,63.50%,,,,
2009,23380,13330,4249,5800,57.00%,,,,
2010,23748,12043,4313,7391,50.70%,,,,
2011,23898,11123,4299,8476,46.50%,,,,
2012,24488,10341,4322,9825,42.20%,,,,
2013,24989,9957,4245,10787,39.90%,,,,
2014,25003,9694,4245,11063,38.80%,,,,
2015,25378,9528,4277,11573,37.50%,,,,
2016,25671,9404,4379,11888,36.60%,,,,
2017,25846,10191,4424,11232,39.40%,,,,
2018,26131,9985,4523,11624,38.20%,,,,
2019,26286,9682,4568,12036,36.80%,,,,
2020,26121,9477,4425,12219,36.30%,,,,
2021,25564,8984,4379,12201,35.10%,,,,
2022,23914,7924,4156,11834,33.10%,,,,
2023,21097,6525,3803,10769,30.90%,,,,
2024,19074,5364,3435,10275,28.10%,,,,
2025,16878,,,,,,,,
,,,,,,,,,
2007 Q1,23693,16636,4126,2931,70.20%,,,,
2007 Q2,23645,16490,4078,3077,69.70%,,,,
2007 Q3,23551,16250,4096,3205,69.00%,,,,
2007 Q4,23585,16050,4114,3421,68.10%,,,,
2008 Q1,23581,15792,4133,3656,67.00%,,,,
2008 Q2,23541,15523,4142,3876,65.90%,,,,
2008 Q3,23536,15290,4154,4093,65.00%,,,,
2008 Q4,23538,14956,4170,4412,63.50%,,,,
2009 Q1,23474,14515,4177,4782,61.80%,,,,
2009 Q2,23401,14089,4169,5142,60.20%,,,,
2009 Q3,23372,13696,4182,5494,58.60%,,,,
2009 Q4,23380,13330,4249,5800,57.00%,,,,
2010 Q1,23449,13047,4292,6111,55.60%,,,,
2010 Q2,23487,12703,4304,6480,54.10%,,,,
2010 Q3,23588,12331,4292,6965,52.30%,,,,
2010 Q4,23748,12043,4313,7391,50.70%,,,,
2011 Q1,23655,11825,4336,7493,50.00%,,,,
2011 Q2,23722,11576,4323,7822,48.80%,,,,
2011 Q3,23746,11302,4294,8151,47.60%,,,,
2011 Q4,23898,11123,4299,8476,46.50%,,,,
2012 Q1,24072,10896,4179,8998,45.30%,,,,
2012 Q2,24221,10697,4304,9220,44.20%,,,,
2012 Q3,24221,10414,4305,9503,43.00%,,,,
2012 Q4,24488,10341,4322,9825,42.20%,,,,
2013 Q1,24647,10184,4316,10148,41.30%,,,,
2013 Q2,24722,10034,4294,10394,40.60%,,,,
2013 Q3,24808,10028,4258,10522,40.40%,,,,
2013 Q4,24989,9957,4245,10787,39.90%,,,,
2014 Q1,25047,9908,4241,10897,39.60%,,,,
2014 Q2,25171,9839,4235,11098,39.10%,,,,
2014 Q3,25315,9754,4226,11336,38.50%,,,,
2014 Q4,25003,9694,4245,11063,38.80%,,,,
2015 Q1,25105,9633,4242,11230,38.40%,,,,
2015 Q2,25174,9577,4227,11370,38.00%,,,,
2015 Q3,25227,9522,4234,11471,37.70%,,,,
2015 Q4,25378,9528,4277,11573,37.50%,,,,
2016 Q1,25468,9510,4326,11632,37.30%,,,,
2016 Q2,25522,9468,4375,11678,37.10%,,,,
2016 Q3,25594,9422,4429,11743,36.80%,,,,
2016 Q4,25671,9404,4379,11888,36.60%,,,,
2017 Q1,25561,9327,4390,11844,36.50%,,,,
2017 Q2,25567,9259,4414,11895,36.20%,,,,
2017 Q3,25609,9199,4422,11988,35.90%,,,,
2017 Q4,25846,10191,4424,11232,39.40%,,,,
2018 Q1,25874,10134,4418,11322,39.20%,,,,
2018 Q2,25854,10070,4443,11341,39.00%,,,,
2018 Q3,25933,9958,4477,11499,38.40%,,,,
2018 Q4,26131,9985,4523,11624,38.20%,,,,
2019 Q1,26161,9838,4569,11753,37.60%,,,,
2019 Q2,26214,9775,4607,11833,37.30%,,,,
2019 Q3,26242,9729,4611,11901,37.10%,,,,
2019 Q4,26286,9682,4568,12036,36.80%,,,,
2020 Q1,26289,9599,4543,12147,36.50%,,,,
2020 Q2,26272,9582,4536,12153,36.50%,,,,
2020 Q3,26188,9556,4452,12180,36.50%,,,,
2020 Q4,26121,9477,4425,12219,36.30%,,,,
2021 Q1,26125,9470,4422,12233,36.30%,,,,
2021 Q2,25861,9350,4350,12161,36.20%,,,,
2021 Q3,25801,9192,4375,12234,35.60%,,,,
2021 Q4,25564,8984,4379,12201,35.10%,,,,
2022 Q1,25248,8738,4296,12214,34.60%,,,,
2022 Q2,24819,8494,4216,12109,34.20%,,,,
2022 Q3,24327,8201,4174,11952,33.70%,,,,
2022 Q4,23914,7924,4156,11834,33.10%,,,,
2023 Q1,23263,7655,4094,11514,32.90%,,,,
2023 Q2,22532,7342,3980,11210,32.60%,,,,
2023 Q3,21687,6959,3875,10852,32.10%,,,,
2023 Q4,21097,6525,3803,10769,30.90%,,,,
2024 Q1,20843,6432,3727,10684,30.90%,,,,
2024 Q2,20457,6265,3641,10552,30.60%,,,,
2024 Q3,19591,5636,3560,10395,28.80%,,,,
2024 Q4,19074,5364,3435,10275,28.10%,,,,
2025 Q1,18500,,,,,,,,
2025 Q2,18026,,,,,,,,
2025 Q3,17401,,,,,,,,
2025 Q4,16878,,,,,,,,
2026 Q1,16264,,,,,,,,
,,,,,,,,,
Table 8: Summary of residential call volumes (millions of minutes),,,,,,,,,
,,,,,,,,,
,All Operators,BT,Virgin Media,Other,BT Share,,,,
2007,110195,60669,19870,29656,55.10%,,,,
2008,98433,49180,16717,32536,50.00%,,,,
2009,91592,41586,15039,34967,45.40%,,,,
2010,87727,36189,13632,37906,41.30%,,,,
2011,78191,31106,11791,35294,39.80%,,,,
2012,71503,28310,10614,32579,39.60%,,,,
2013,63678,25218,9450,29010,39.60%,,,,
2014,55750,21984,8392,25374,39.40%,,,,
2015,49925,19847,7382,22696,39.80%,,,,
2016,43277,17508,6063,19706,40.50%,,,,
2017,34969,15243,3418,16308,43.60%,,,,
2018,32068,13857,5384,12827,43.20%,,,,
2019,25796,11188,4246,10362,43.40%,,,,
2020,31536,14251,4897,12388,45.20%,,,,
2021,25886,11373,3794,10719,43.90%,,,,
2022,18866,8545,2737,7584,45.30%,,,,
2023,14503,6724,2035,5744,46.40%,,,,
2024,11388,5358,1564,4466,47.10%,,,,
2025,8523,,,,,,,,
,,,,,,,,,
2007 Q1,29862,17020,5457,7385,57.00%,,,,
2007 Q2,27467,15350,4880,7237,55.90%,,,,
2007 Q3,27075,14595,5131,7349,53.90%,,,,
2007 Q4,25791,13704,4402,7685,53.10%,,,,
2008 Q1,25975,13562,4391,8022,52.20%,,,,
2008 Q2,24473,12234,4173,8066,50.00%,,,,
2008 Q3,24287,11783,4044,8460,48.50%,,,,
2008 Q4,23698,11601,4109,7988,49.00%,,,,
2009 Q1,23639,11354,4031,8254,48.00%,,,,
2009 Q2,22303,10179,3664,8460,45.60%,,,,
2009 Q3,22318,9963,3642,8713,44.60%,,,,
2009 Q4,23333,10090,3702,9541,43.20%,,,,
2010 Q1,23354,9954,3701,9699,42.60%,,,,
2010 Q2,21407,8700,3306,9401,40.60%,,,,
2010 Q3,21286,8566,3250,9470,40.20%,,,,
2010 Q4,21680,8969,3375,9336,41.40%,,,,
2011 Q1,20824,8362,3169,9293,40.20%,,,,
2011 Q2,19569,7668,2909,8992,39.20%,,,,
2011 Q3,18964,7606,2858,8500,40.10%,,,,
2011 Q4,18834,7470,2855,8509,39.70%,,,,
2012 Q1,18852,7483,2828,8541,39.70%,,,,
2012 Q2,17874,7072,2652,8150,39.60%,,,,
2012 Q3,17403,6859,2568,7976,39.40%,,,,
2012 Q4,17374,6896,2566,7912,39.70%,,,,
2013 Q1,17321,6934,2547,7840,40.00%,,,,
2013 Q2,15945,6371,2333,7241,40.00%,,,,
2013 Q3,15252,5995,2271,6986,39.30%,,,,
2013 Q4,15160,5918,2299,6943,39.00%,,,,
2014 Q1,14555,5583,2227,6745,38.40%,,,,
2014 Q2,13919,5514,2075,6330,39.60%,,,,
2014 Q3,13664,5441,2045,6178,39.80%,,,,
2014 Q4,13612,5446,2045,6121,40.00%,,,,
2015 Q1,13576,5353,1998,6225,39.40%,,,,
2015 Q2,12289,4901,1827,5561,39.90%,,,,
2015 Q3,12066,4815,1778,5473,39.90%,,,,
2015 Q4,11995,4778,1779,5438,39.80%,,,,
2016 Q1,11751,4668,1746,5337,39.70%,,,,
2016 Q2,10909,4382,1618,4909,40.20%,,,,
2016 Q3,10388,4224,1461,4703,40.70%,,,,
2016 Q4,10229,4234,1238,4757,41.40%,,,,
2017 Q1,9748,4118,1030,4600,42.20%,,,,
2017 Q2,8642,3632,836,4174,42.00%,,,,
2017 Q3,8299,3557,814,3928,42.90%,,,,
2017 Q4,8280,3936,738,3606,47.50%,,,,
2018 Q1,8908,3903,1507,3498,43.80%,,,,
2018 Q2,8011,3429,1334,3248,42.80%,,,,
2018 Q3,7643,3315,1297,3031,43.40%,,,,
2018 Q4,7507,3210,1246,3051,42.80%,,,,
2019 Q1,6934,3033,1158,2743,43.70%,,,,
2019 Q2,6416,2760,1045,2611,43.00%,,,,
2019 Q3,6348,2723,1082,2543,42.90%,,,,
2019 Q4,6098,2672,961,2465,43.80%,,,,
2020 Q1,7069,3247,1130,2692,45.90%,,,,
2020 Q2,9234,4252,1437,3545,46.10%,,,,
2020 Q3,7458,3296,1137,3025,44.20%,,,,
2020 Q4,7774,3456,1193,3125,44.50%,,,,
2021 Q1,7863,3473,1178,3212,44.20%,,,,
2021 Q2,6511,2771,925,2815,42.60%,,,,
2021 Q3,5799,2585,855,2359,44.60%,,,,
2021 Q4,5713,2544,836,2333,44.50%,,,,
2022 Q1,5304,2374,783,2147,44.80%,,,,
2022 Q2,4690,2111,683,1896,45.00%,,,,
2022 Q3,4498,2049,650,1799,45.60%,,,,
2022 Q4,4374,2011,621,1742,46.00%,,,,
2023 Q1,4088,1876,579,1633,45.90%,,,,
2023 Q2,3547,1591,507,1449,44.90%,,,,
2023 Q3,3473,1637,487,1349,47.10%,,,,
2023 Q4,3394,1620,462,1312,47.70%,,,,
2024 Q1,3210,1529,439,1242,47.60%,,,,
2024 Q2,2872,1354,391,1127,47.20%,,,,
2024 Q3,2704,1267,370,1067,46.90%,,,,
2024 Q4,2602,1208,364,1030,46.40%,,,,
2025 Q1,2407,,,,,,,,
2025 Q2,2135,,,,,,,,
2025 Q3,2009,,,,,,,,
2025 Q4,1971,,,,,,,,
2026 Q1,1810,,,,,,,,
,,,,,,,,,
Table 9: Summary of residential call revenues by call type (£millions),,,,,,,,,
,,,,,,,,,
,All calls,UK geographic calls,International calls,Calls to mobiles,Other calls,,,,
2007,3091,830,318,956,987,,,,
2008,2973,834,318,939,882,,,,
2009,2894,877,299,872,846,,,,
2010,2829,898,289,810,832,,,,
2011,2441,790,237,675,739,,,,
2012,2145,733,198,566,649,,,,
2013,1936,677,155,488,616,,,,
2014,1759,571,132,430,625,,,,
2015,1594,498,123,369,604,,,,
2016,1404,428,111,270,596,,,,
2017,1222,362,89,228,543,,,,
2018,1067,321,77,203,466,,,,
2019,821,261,53,171,336,,,,
2020,548,258,48,154,89,,,,
2021,404,184,38,84,98,,,,
2022,311,132,32,63,84,,,,
2023,257,106,28,52,71,,,,
2024,195,75,23,42,56,,,,
2025,170,67,19,36,47,,,,
,,,,,,,,,
2007 Q1,796,216,78,229,273,,,,
2007 Q2,751,196,79,230,246,,,,
2007 Q3,759,204,80,244,231,,,,
2007 Q4,786,214,81,254,237,,,,
2008 Q1,757,202,80,244,230,,,,
2008 Q2,755,213,81,240,220,,,,
2008 Q3,726,207,79,230,211,,,,
2008 Q4,735,212,78,224,221,,,,
2009 Q1,695,210,75,214,196,,,,
2009 Q2,725,211,74,220,219,,,,
2009 Q3,710,214,75,215,206,,,,
2009 Q4,764,242,76,222,224,,,,
2010 Q1,721,229,75,209,208,,,,
2010 Q2,702,217,71,204,210,,,,
2010 Q3,692,214,71,199,208,,,,
2010 Q4,714,238,72,198,206,,,,
2011 Q1,657,212,65,180,200,,,,
2011 Q2,609,194,59,171,185,,,,
2011 Q3,598,194,57,167,180,,,,
2011 Q4,577,190,55,158,174,,,,
2012 Q1,549,184,51,146,168,,,,
2012 Q2,537,181,49,144,163,,,,
2012 Q3,535,184,49,141,161,,,,
2012 Q4,524,184,48,135,158,,,,
2013 Q1,507,185,42,127,154,,,,
2013 Q2,483,167,39,122,154,,,,
2013 Q3,477,164,38,122,154,,,,
2013 Q4,469,161,36,117,154,,,,
2014 Q1,453,152,34,109,157,,,,
2014 Q2,442,141,33,109,158,,,,
2014 Q3,437,139,33,108,157,,,,
2014 Q4,427,139,32,104,152,,,,
2015 Q1,413,134,31,96,152,,,,
2015 Q2,392,120,31,94,148,,,,
2015 Q3,398,120,30,93,155,,,,
2015 Q4,391,123,32,87,150,,,,
2016 Q1,363,116,30,71,145,,,,
2016 Q2,346,105,28,68,145,,,,
2016 Q3,354,105,27,67,155,,,,
2016 Q4,341,102,26,62,151,,,,
2017 Q1,315,98,24,58,135,,,,
2017 Q2,310,91,22,59,138,,,,
2017 Q3,304,87,21,56,139,,,,
2017 Q4,293,86,21,55,130,,,,
2018 Q1,297,89,21,54,133,,,,
2018 Q2,260,78,19,50,113,,,,
2018 Q3,254,75,18,53,109,,,,
2018 Q4,256,80,19,46,112,,,,
2019 Q1,237,74,17,44,102,,,,
2019 Q2,224,64,13,43,103,,,,
2019 Q3,220,64,11,43,101,,,,
2019 Q4,140,58,12,40,30,,,,
2020 Q1,146,62,13,42,29,,,,
2020 Q2,150,74,13,49,14,,,,
2020 Q3,127,62,11,35,18,,,,
2020 Q4,126,59,11,27,28,,,,
2021 Q1,117,56,11,24,26,,,,
2021 Q2,99,45,9,21,24,,,,
2021 Q3,95,42,9,20,24,,,,
2021 Q4,93,40,9,19,24,,,,
2022 Q1,84,36,8,17,22,,,,
2022 Q2,78,33,8,16,21,,,,
2022 Q3,76,32,8,15,20,,,,
2022 Q4,74,31,8,15,21,,,,
2023 Q1,68,28,7,13,19,,,,
2023 Q2,71,29,8,15,19,,,,
2023 Q3,60,25,6,12,17,,,,
2023 Q4,59,24,6,12,16,,,,
2024 Q1,54,23,6,11,15,,,,
2024 Q2,50,19,6,11,14,,,,
2024 Q3,46,16,6,10,14,,,,
2024 Q4,46,17,5,10,13,,,,
2025 Q1,44,18,5,9,12,,,,
2025 Q2,42,16,5,9,12,,,,
2025 Q3,43,17,5,9,12,,,,
2025 Q4,41,16,5,9,11,,,,
2026 Q1,39,15,4,8,11,,,,
,,,,,,,,,
Table 10: Summary of residential call volumes by call type (millions of minutes),,,,,,,,,
,,,,,,,,,
,All Operators,BT,Virgin Media,Other,BT Share,,,,
,,,,,,,,,
UK geographic calls,,,,,,,,,
2007,66784,34715,12469,19600,52.00%,,,,
2008,65138,31450,12037,21651,48.30%,,,,
2009,63733,28215,11079,24439,44.30%,,,,
2010,62582,25620,10195,26767,40.90%,,,,
2011,56397,22570,8867,24960,40.00%,,,,
2012,51944,21051,8062,22831,40.50%,,,,
2013,45912,18388,7202,20322,40.10%,,,,
2014,40197,16284,6437,17476,40.50%,,,,
2015,35586,14696,5851,15039,41.30%,,,,
2016,30471,12967,4900,12604,42.60%,,,,
2017,24705,11392,2746,10567,46.10%,,,,
2018,23164,10427,4268,8469,45.00%,,,,
2019,18895,8598,3375,6922,45.50%,,,,
2020,24177,11345,3766,9066,46.90%,,,,
2021,19557,8812,2923,7822,45.10%,,,,
2022,13772,6328,2036,5408,45.90%,,,,
2023,10267,4767,1494,4006,46.40%,,,,
2024,7816,3663,1135,3018,46.90%,,,,
2025,5591,,,,,,,,
,,,,,,,,,
2007 Q1,17639,9440,3305,4894,53.50%,,,,
2007 Q2,16548,8702,3059,4787,52.60%,,,,
2007 Q3,16128,8354,2936,4838,51.80%,,,,
2007 Q4,16470,8219,3169,5082,49.90%,,,,
2008 Q1,16929,8347,3198,5384,49.30%,,,,
2008 Q2,16062,7772,2977,5313,48.40%,,,,
2008 Q3,15863,7587,2867,5409,47.80%,,,,
2008 Q4,16285,7744,2995,5546,47.60%,,,,
2009 Q1,16406,7668,2971,5767,46.70%,,,,
2009 Q2,15364,6816,2678,5870,44.40%,,,,
2009 Q3,15380,6695,2658,6027,43.50%,,,,
2009 Q4,16582,7036,2772,6774,42.40%,,,,
2010 Q1,16762,7026,2795,6941,41.90%,,,,
2010 Q2,14963,6081,2448,6434,40.60%,,,,
2010 Q3,15116,5977,2391,6748,39.50%,,,,
2010 Q4,15741,6536,2561,6644,41.50%,,,,
2011 Q1,14980,6053,2394,6533,40.40%,,,,
2011 Q2,13945,5523,2173,6249,39.60%,,,,
2011 Q3,13755,5485,2130,6140,39.90%,,,,
2011 Q4,13716,5509,2170,6037,40.20%,,,,
2012 Q1,13722,5595,2153,5974,40.80%,,,,
2012 Q2,12983,5229,2005,5749,40.30%,,,,
2012 Q3,12602,5064,1939,5599,40.20%,,,,
2012 Q4,12637,5163,1965,5509,40.90%,,,,
2013 Q1,12534,5084,1963,5487,40.60%,,,,
2013 Q2,11475,4626,1774,5075,40.30%,,,,
2013 Q3,10921,4300,1715,4906,39.40%,,,,
2013 Q4,10982,4378,1750,4854,39.90%,,,,
2014 Q1,10514,4129,1693,4692,39.30%,,,,
2014 Q2,10078,4091,1580,4407,40.60%,,,,
2014 Q3,9798,4004,1569,4225,40.90%,,,,
2014 Q4,9808,4060,1595,4153,41.40%,,,,
2015 Q1,9617,3974,1564,4079,41.30%,,,,
2015 Q2,8767,3608,1438,3721,41.20%,,,,
2015 Q3,8560,3526,1412,3622,41.20%,,,,
2015 Q4,8642,3588,1437,3617,41.50%,,,,
2016 Q1,8371,3504,1411,3456,41.90%,,,,
2016 Q2,7666,3243,1308,3115,42.30%,,,,
2016 Q3,7201,3091,1178,2932,42.90%,,,,
2016 Q4,7232,3129,1003,3100,43.30%,,,,
2017 Q1,6842,3046,834,2962,44.50%,,,,
2017 Q2,6109,2745,672,2692,44.90%,,,,
2017 Q3,5832,2654,649,2529,45.50%,,,,
2017 Q4,5921,2947,591,2383,49.80%,,,,
2018 Q1,6444,2928,1192,2324,45.40%,,,,
2018 Q2,5732,2540,1054,2138,44.30%,,,,
2018 Q3,5491,2481,1022,1988,45.20%,,,,
2018 Q4,5497,2478,1000,2019,45.10%,,,,
2019 Q1,5082,2339,941,1802,46.00%,,,,
2019 Q2,4699,2124,852,1723,45.20%,,,,
2019 Q3,4622,2078,871,1673,45.00%,,,,
2019 Q4,4491,2057,711,1723,45.80%,,,,
2020 Q1,5329,2553,854,1922,47.90%,,,,
2020 Q2,7205,3433,1129,2643,47.70%,,,,
2020 Q3,5663,2600,861,2202,45.90%,,,,
2020 Q4,5980,2759,922,2299,46.10%,,,,
2021 Q1,6054,2760,920,2374,45.60%,,,,
2021 Q2,4906,2147,714,2045,43.80%,,,,
2021 Q3,4314,1960,650,1704,45.40%,,,,
2021 Q4,4283,1945,639,1699,45.40%,,,,
2022 Q1,3922,1790,587,1545,45.60%,,,,
2022 Q2,3423,1565,508,1350,45.70%,,,,
2022 Q3,3262,1504,482,1276,46.10%,,,,
2022 Q4,3165,1469,459,1237,46.40%,,,,
2023 Q1,2940,1355,427,1158,46.10%,,,,
2023 Q2,2499,1122,372,1005,44.90%,,,,
2023 Q3,2438,1150,356,932,47.20%,,,,
2023 Q4,2390,1140,339,911,47.70%,,,,
2024 Q1,2239,1066,320,853,47.60%,,,,
2024 Q2,1972,924,285,763,46.90%,,,,
2024 Q3,1837,853,267,717,46.40%,,,,
2024 Q4,1768,820,263,685,46.40%,,,,
2025 Q1,1612,,,,,,,,
2025 Q2,1403,,,,,,,,
2025 Q3,1302,,,,,,,,
2025 Q4,1275,,,,,,,,
2026 Q1,1145,,,,,,,,
,,,,,,,,,
International calls,,,,,,,,,
2007,3558,1191,296,2071,33.50%,,,,
2008,4145,1243,307,2595,30.00%,,,,
2009,4539,1171,289,3079,25.80%,,,,
2010,4722,1053,284,3385,22.30%,,,,
2011,4570,890,261,3419,19.50%,,,,
2012,4111,743,239,3129,18.10%,,,,
2013,3455,622,221,2612,18.00%,,,,
2014,3015,548,203,2264,18.20%,,,,
2015,2749,468,182,2099,17.00%,,,,
2016,2169,398,152,1619,18.40%,,,,
2017,1550,345,88,1117,22.30%,,,,
2018,1315,328,131,856,25.00%,,,,
2019,986,248,105,633,25.20%,,,,
2020,941,256,103,582,27.20%,,,,
2021,748,195,71,482,26.10%,,,,
2022,525,135,52,338,25.70%,,,,
2023,414,97,38,279,23.40%,,,,
2024,332,73,29,230,22.00%,,,,
2025,260,,,,,,,,
,,,,,,,,,
2007 Q1,837,301,63,473,36.00%,,,,
2007 Q2,865,300,73,492,34.70%,,,,
2007 Q3,903,298,78,527,33.00%,,,,
2007 Q4,953,292,82,579,30.70%,,,,
2008 Q1,1012,316,82,614,31.20%,,,,
2008 Q2,1044,308,77,659,29.50%,,,,
2008 Q3,1029,305,73,651,29.60%,,,,
2008 Q4,1060,314,75,671,29.60%,,,,
2009 Q1,1098,309,74,715,28.20%,,,,
2009 Q2,1123,291,71,761,25.90%,,,,
2009 Q3,1135,280,70,785,24.70%,,,,
2009 Q4,1184,291,74,819,24.60%,,,,
2010 Q1,1184,280,73,831,23.60%,,,,
2010 Q2,1186,265,71,850,22.40%,,,,
2010 Q3,1167,250,69,848,21.40%,,,,
2010 Q4,1185,258,71,856,21.80%,,,,
2011 Q1,1263,245,68,950,19.40%,,,,
2011 Q2,1217,232,66,919,19.10%,,,,
2011 Q3,1048,210,63,775,20.00%,,,,
2011 Q4,1042,203,64,775,19.50%,,,,
2012 Q1,1043,198,62,783,19.00%,,,,
2012 Q2,1050,187,60,803,17.80%,,,,
2012 Q3,1039,178,57,804,17.10%,,,,
2012 Q4,979,180,60,739,18.40%,,,,
2013 Q1,921,166,58,697,18.00%,,,,
2013 Q2,882,160,55,667,18.20%,,,,
2013 Q3,830,148,53,629,17.80%,,,,
2013 Q4,822,148,55,619,18.00%,,,,
2014 Q1,796,137,53,606,17.20%,,,,
2014 Q2,758,140,51,567,18.50%,,,,
2014 Q3,724,133,49,542,18.40%,,,,
2014 Q4,738,138,50,550,18.70%,,,,
2015 Q1,758,126,48,584,16.60%,,,,
2015 Q2,686,119,45,522,17.30%,,,,
2015 Q3,648,111,44,493,17.10%,,,,
2015 Q4,657,112,45,500,17.10%,,,,
2016 Q1,610,106,44,460,17.40%,,,,
2016 Q2,573,103,41,429,18.00%,,,,
2016 Q3,515,95,36,384,18.50%,,,,
2016 Q4,470,94,31,345,20.00%,,,,
2017 Q1,420,89,26,305,21.20%,,,,
2017 Q2,380,81,22,277,21.30%,,,,
2017 Q3,376,75,21,280,20.00%,,,,
2017 Q4,375,100,19,256,26.70%,,,,
2018 Q1,368,93,36,239,25.20%,,,,
2018 Q2,343,86,34,223,25.10%,,,,
2018 Q3,305,77,31,197,25.20%,,,,
2018 Q4,298,72,30,196,24.20%,,,,
2019 Q1,275,70,29,176,25.50%,,,,
2019 Q2,252,63,26,163,25.00%,,,,
2019 Q3,234,58,26,150,24.80%,,,,
2019 Q4,225,57,24,144,25.30%,,,,
2020 Q1,236,65,25,146,27.50%,,,,
2020 Q2,261,72,30,159,27.60%,,,,
2020 Q3,217,56,24,137,25.80%,,,,
2020 Q4,226,63,24,139,27.90%,,,,
2021 Q1,220,59,22,139,26.80%,,,,
2021 Q2,199,50,18,131,25.20%,,,,
2021 Q3,167,43,16,108,25.70%,,,,
2021 Q4,163,43,15,105,26.40%,,,,
2022 Q1,149,39,15,95,26.10%,,,,
2022 Q2,135,34,14,87,25.20%,,,,
2022 Q3,121,31,11,79,25.70%,,,,
2022 Q4,120,31,12,77,25.80%,,,,
2023 Q1,117,29,11,77,24.70%,,,,
2023 Q2,105,23,10,72,22.00%,,,,
2023 Q3,97,23,8,66,23.80%,,,,
2023 Q4,96,22,9,65,22.90%,,,,
2024 Q1,96,21,8,67,22.00%,,,,
2024 Q2,82,18,7,57,22.00%,,,,
2024 Q3,79,18,7,54,22.70%,,,,
2024 Q4,76,16,7,53,21.10%,,,,
2025 Q1,73,,,,,,,,
2025 Q2,69,,,,,,,,
2025 Q3,61,,,,,,,,
2025 Q4,57,,,,,,,,
2026 Q1,56,,,,,,,,
,,,,,,,,,
Calls to mobiles,,,,,,,,,
2007,7546,4182,1200,2164,55.40%,,,,
2008,6712,3505,981,2226,52.20%,,,,
2009,6021,2869,792,2360,47.70%,,,,
2010,5358,2324,648,2386,43.40%,,,,
2011,4471,1852,528,2091,41.40%,,,,
2012,3902,1598,453,1851,41.00%,,,,
2013,3351,1326,445,1580,39.60%,,,,
2014,2940,1187,434,1319,40.40%,,,,
2015,2735,1084,388,1263,39.60%,,,,
2016,2811,1017,325,1469,36.20%,,,,
2017,2586,939,185,1462,36.30%,,,,
2018,2462,860,414,1188,34.90%,,,,
2019,2071,674,369,1028,32.50%,,,,
2020,2759,1017,435,1307,36.90%,,,,
2021,2538,986,358,1194,38.90%,,,,
2022,2044,841,278,925,41.10%,,,,
2023,1778,765,233,780,43.00%,,,,
2024,1572,706,199,667,44.90%,,,,
2025,1339,,,,,,,,
,,,,,,,,,
2007 Q1,1957,1108,316,533,56.60%,,,,
2007 Q2,1924,1083,308,533,56.30%,,,,
2007 Q3,1864,1038,289,537,55.70%,,,,
2007 Q4,1801,953,287,561,52.90%,,,,
2008 Q1,1766,933,266,567,52.80%,,,,
2008 Q2,1714,901,253,560,52.60%,,,,
2008 Q3,1649,858,236,555,52.00%,,,,
2008 Q4,1584,813,226,545,51.30%,,,,
2009 Q1,1515,760,210,545,50.20%,,,,
2009 Q2,1507,728,202,577,48.30%,,,,
2009 Q3,1517,704,195,618,46.40%,,,,
2009 Q4,1482,677,185,620,45.70%,,,,
2010 Q1,1403,629,171,603,44.80%,,,,
2010 Q2,1337,583,163,591,43.60%,,,,
2010 Q3,1324,559,158,607,42.20%,,,,
2010 Q4,1295,553,156,586,42.70%,,,,
2011 Q1,1181,485,137,559,41.10%,,,,
2011 Q2,1150,467,133,550,40.60%,,,,
2011 Q3,1092,463,131,498,42.40%,,,,
2011 Q4,1048,437,127,484,41.70%,,,,
2012 Q1,1010,419,119,472,41.50%,,,,
2012 Q2,982,404,113,465,41.10%,,,,
2012 Q3,967,395,111,461,40.80%,,,,
2012 Q4,942,380,110,452,40.30%,,,,
2013 Q1,878,351,108,419,40.00%,,,,
2013 Q2,858,342,110,406,39.80%,,,,
2013 Q3,828,323,113,392,39.00%,,,,
2013 Q4,787,310,114,363,39.40%,,,,
2014 Q1,736,284,109,343,38.60%,,,,
2014 Q2,746,303,109,334,40.60%,,,,
2014 Q3,738,304,108,326,41.20%,,,,
2014 Q4,721,296,108,317,41.00%,,,,
2015 Q1,698,279,101,318,40.00%,,,,
2015 Q2,673,271,97,305,40.30%,,,,
2015 Q3,678,270,95,313,39.90%,,,,
2015 Q4,688,264,95,329,38.40%,,,,
2016 Q1,686,250,91,345,36.40%,,,,
2016 Q2,701,262,88,351,37.40%,,,,
2016 Q3,683,257,79,347,37.60%,,,,
2016 Q4,741,248,67,426,33.50%,,,,
2017 Q1,707,240,54,413,33.90%,,,,
2017 Q2,670,227,46,397,33.90%,,,,
2017 Q3,608,223,45,340,36.70%,,,,
2017 Q4,601,249,40,312,41.50%,,,,
2018 Q1,653,241,108,304,36.90%,,,,
2018 Q2,632,226,103,303,35.70%,,,,
2018 Q3,597,207,102,288,34.70%,,,,
2018 Q4,580,186,101,293,32.10%,,,,
2019 Q1,528,175,96,257,33.20%,,,,
2019 Q2,520,168,93,259,32.30%,,,,
2019 Q3,525,168,99,258,32.00%,,,,
2019 Q4,499,163,81,255,32.70%,,,,
2020 Q1,583,210,95,278,36.00%,,,,
2020 Q2,801,296,128,377,37.00%,,,,
2020 Q3,664,241,104,319,36.30%,,,,
2020 Q4,710,270,108,332,38.00%,,,,
2021 Q1,728,280,106,342,38.50%,,,,
2021 Q2,631,238,87,306,37.70%,,,,
2021 Q3,590,233,83,274,39.50%,,,,
2021 Q4,589,235,82,272,39.90%,,,,
2022 Q1,553,222,77,254,40.10%,,,,
2022 Q2,504,206,68,230,40.90%,,,,
2022 Q3,494,205,67,222,41.50%,,,,
2022 Q4,494,208,66,220,42.10%,,,,
2023 Q1,470,198,62,210,42.10%,,,,
2023 Q2,435,178,58,199,40.90%,,,,
2023 Q3,434,191,57,186,44.00%,,,,
2023 Q4,439,198,56,185,45.10%,,,,
2024 Q1,414,189,53,172,45.60%,,,,
2024 Q2,392,177,49,166,45.20%,,,,
2024 Q3,379,169,48,162,44.60%,,,,
2024 Q4,387,171,49,167,44.10%,,,,
2025 Q1,358,,,,,,,,
2025 Q2,331,,,,,,,,
2025 Q3,322,,,,,,,,
2025 Q4,328,,,,,,,,
2026 Q1,301,,,,,,,,
,,,,,,,,,
Other calls,,,,,,,,,
2007,32307,20581,5905,5821,63.70%,,,,
2008,22438,12982,3392,6064,57.90%,,,,
2009,17299,9331,2879,5089,53.90%,,,,
2010,15065,7192,2505,5368,47.70%,,,,
2011,12753,5794,2135,4824,45.40%,,,,
2012,11546,4918,1860,4768,42.60%,,,,
2013,10960,4882,1582,4496,44.50%,,,,
2014,9597,3965,1318,4314,41.30%,,,,
2015,8855,3599,961,4295,40.70%,,,,
2016,7826,3126,686,4014,39.90%,,,,
2017,6128,2567,399,3162,41.90%,,,,
2018,5127,2242,571,2314,43.70%,,,,
2019,3844,1668,397,1779,43.40%,,,,
2020,3660,1633,593,1434,44.60%,,,,
2021,3043,1380,442,1221,45.40%,,,,
2022,2525,1241,371,913,49.20%,,,,
2023,2043,1095,270,678,53.60%,,,,
2024,1667,916,201,550,54.90%,,,,
2025,1333,,,,,,,,
,,,,,,,,,
2007 Q1,9430,6171,1773,1486,65.40%,,,,
2007 Q2,8129,5265,1440,1424,64.80%,,,,
2007 Q3,8180,4905,1828,1447,60.00%,,,,
2007 Q4,6568,4240,864,1464,64.60%,,,,
2008 Q1,6269,3966,845,1458,63.30%,,,,
2008 Q2,5653,3253,866,1534,57.50%,,,,
2008 Q3,5747,3033,868,1846,52.80%,,,,
2008 Q4,4769,2730,813,1226,57.20%,,,,
2009 Q1,4620,2617,776,1227,56.70%,,,,
2009 Q2,4309,2344,713,1252,54.40%,,,,
2009 Q3,4286,2284,719,1283,53.30%,,,,
2009 Q4,4085,2086,671,1328,51.10%,,,,
2010 Q1,4005,2019,662,1324,50.40%,,,,
2010 Q2,3923,1771,624,1528,45.20%,,,,
2010 Q3,3679,1780,632,1267,48.40%,,,,
2010 Q4,3459,1622,587,1250,46.90%,,,,
2011 Q1,3399,1579,570,1250,46.50%,,,,
2011 Q2,3257,1446,537,1274,44.40%,,,,
2011 Q3,3069,1448,534,1087,47.20%,,,,
2011 Q4,3028,1321,494,1213,43.60%,,,,
2012 Q1,3077,1271,494,1312,41.30%,,,,
2012 Q2,2859,1252,474,1133,43.80%,,,,
2012 Q3,2794,1222,461,1111,43.70%,,,,
2012 Q4,2816,1173,431,1212,41.70%,,,,
2013 Q1,2988,1333,418,1237,44.60%,,,,
2013 Q2,2730,1243,394,1093,45.50%,,,,
2013 Q3,2673,1224,390,1059,45.80%,,,,
2013 Q4,2569,1082,380,1107,42.10%,,,,
2014 Q1,2509,1033,372,1104,41.20%,,,,
2014 Q2,2338,980,335,1023,41.90%,,,,
2014 Q3,2405,1000,319,1086,41.60%,,,,
2014 Q4,2345,952,292,1101,40.60%,,,,
2015 Q1,2503,974,285,1244,38.90%,,,,
2015 Q2,2164,903,247,1014,41.70%,,,,
2015 Q3,2180,908,227,1045,41.70%,,,,
2015 Q4,2008,814,202,992,40.50%,,,,
2016 Q1,2084,808,200,1076,38.80%,,,,
2016 Q2,1969,774,181,1014,39.30%,,,,
2016 Q3,1988,781,168,1039,39.30%,,,,
2016 Q4,1786,763,137,886,42.70%,,,,
2017 Q1,1779,743,116,920,41.80%,,,,
2017 Q2,1484,579,96,809,39.00%,,,,
2017 Q3,1482,605,99,778,40.80%,,,,
2017 Q4,1382,640,88,654,46.30%,,,,
2018 Q1,1442,641,171,630,44.50%,,,,
2018 Q2,1304,577,143,584,44.20%,,,,
2018 Q3,1249,550,142,557,44.00%,,,,
2018 Q4,1132,474,115,543,41.90%,,,,
2019 Q1,1049,449,92,508,42.80%,,,,
2019 Q2,945,405,74,466,42.90%,,,,
2019 Q3,967,419,86,462,43.30%,,,,
2019 Q4,882,395,145,342,44.80%,,,,
2020 Q1,922,419,156,347,45.50%,,,,
2020 Q2,967,451,150,366,46.60%,,,,
2020 Q3,913,399,148,366,43.70%,,,,
2020 Q4,858,364,139,355,42.40%,,,,
2021 Q1,860,374,130,356,43.50%,,,,
2021 Q2,776,336,106,334,43.30%,,,,
2021 Q3,728,349,106,273,47.90%,,,,
2021 Q4,679,321,100,258,47.30%,,,,
2022 Q1,680,323,104,253,47.50%,,,,
2022 Q2,629,306,93,230,48.60%,,,,
2022 Q3,621,309,90,222,49.70%,,,,
2022 Q4,594,303,84,207,51.00%,,,,
2023 Q1,561,294,79,188,52.40%,,,,
2023 Q2,508,268,67,173,52.70%,,,,
2023 Q3,504,273,66,165,54.20%,,,,
2023 Q4,470,260,58,152,55.40%,,,,
2024 Q1,461,253,58,150,54.80%,,,,
2024 Q2,426,235,50,141,55.10%,,,,
2024 Q3,409,227,48,134,55.50%,,,,
2024 Q4,371,201,45,125,54.20%,,,,
2025 Q1,364,,,,,,,,
2025 Q2,332,,,,,,,,
2025 Q3,325,,,,,,,,
2025 Q4,312,,,,,,,,
2026 Q1,308,,,,,,,,
,,,,,,,,,
Table 11: Summary of business network access & call revenues (£millions),,,,,,,,,
,,,,,,,,,
,All Operators,BT,Virgin Media,Other,BT Share,,,,
,,,,,,,,,
Access & calls,,,,,,,,,
2007,4101,2321,161,1620,56.60%,,,,
2008,3881,2135,150,1597,55.00%,,,,
2009,3508,1885,108,1516,53.70%,,,,
2010,3215,1609,103,1503,50.10%,,,,
2011,3083,1531,97,1455,49.70%,,,,
2012,2814,1402,90,1322,49.80%,,,,
2013,2686,1330,84,1271,49.50%,,,,
2014,2449,1239,77,1134,50.60%,,,,
2015,2242,1168,75,998,52.10%,,,,
2016,2253,1198,69,986,53.20%,,,,
2017,2093,1125,64,903,53.80%,,,,
2018,1834,977,54,804,53.30%,,,,
2019,1621,860,43,718,53.10%,,,,
2020,1629,855,44,730,52.50%,,,,
2021,1313,668,38,607,50.90%,,,,
2022,1173,565,29,579,48.10%,,,,
2023,1075,511,23,541,47.60%,,,,
2024,998,442,16,540,44.30%,,,,
2025,876,,,,,,,,
,,,,,,,,,
2007 Q1,1033,574,40,419,55.60%,,,,
2007 Q2,1052,597,41,414,56.80%,,,,
2007 Q3,1018,581,41,397,57.10%,,,,
2007 Q4,997,568,39,390,56.90%,,,,
2008 Q1,991,562,38,390,56.80%,,,,
2008 Q2,980,542,38,400,55.30%,,,,
2008 Q3,973,526,37,410,54.00%,,,,
2008 Q4,937,504,37,396,53.80%,,,,
2009 Q1,909,500,28,381,55.00%,,,,
2009 Q2,886,479,27,380,54.00%,,,,
2009 Q3,863,464,27,371,53.90%,,,,
2009 Q4,851,441,26,384,51.90%,,,,
2010 Q1,840,424,26,389,50.60%,,,,
2010 Q2,816,406,26,385,49.80%,,,,
2010 Q3,790,391,25,373,49.50%,,,,
2010 Q4,769,388,26,356,50.40%,,,,
2011 Q1,811,399,26,386,49.30%,,,,
2011 Q2,782,390,24,368,49.90%,,,,
2011 Q3,744,370,24,350,49.70%,,,,
2011 Q4,746,372,24,351,49.80%,,,,
2012 Q1,726,360,24,341,49.60%,,,,
2012 Q2,704,347,23,335,49.20%,,,,
2012 Q3,707,357,23,328,50.50%,,,,
2012 Q4,677,338,20,318,50.00%,,,,
2013 Q1,686,339,21,325,49.40%,,,,
2013 Q2,672,334,20,318,49.70%,,,,
2013 Q3,644,317,22,305,49.30%,,,,
2013 Q4,684,340,20,323,49.70%,,,,
2014 Q1,649,328,20,301,50.50%,,,,
2014 Q2,604,301,18,285,49.80%,,,,
2014 Q3,602,305,20,277,50.70%,,,,
2014 Q4,595,305,19,271,51.30%,,,,
2015 Q1,565,290,20,255,51.40%,,,,
2015 Q2,554,286,18,249,51.70%,,,,
2015 Q3,564,297,18,249,52.70%,,,,
2015 Q4,559,295,19,245,52.80%,,,,
2016 Q1,546,283,18,244,51.90%,,,,
2016 Q2,583,314,17,252,53.90%,,,,
2016 Q3,566,306,17,243,54.00%,,,,
2016 Q4,558,294,17,247,52.80%,,,,
2017 Q1,556,297,17,242,53.30%,,,,
2017 Q2,528,285,15,227,54.10%,,,,
2017 Q3,517,280,16,221,54.20%,,,,
2017 Q4,492,263,16,213,53.40%,,,,
2018 Q1,478,257,15,206,53.80%,,,,
2018 Q2,469,252,14,203,53.80%,,,,
2018 Q3,449,238,12,199,53.00%,,,,
2018 Q4,438,230,12,196,52.50%,,,,
2019 Q1,402,214,11,177,53.30%,,,,
2019 Q2,393,210,11,173,53.40%,,,,
2019 Q3,390,202,11,177,51.90%,,,,
2019 Q4,436,234,11,192,53.60%,,,,
2020 Q1,420,224,11,186,53.20%,,,,
2020 Q2,411,214,11,185,52.20%,,,,
2020 Q3,406,212,11,182,52.30%,,,,
2020 Q4,392,205,11,177,52.10%,,,,
2021 Q1,366,189,10,166,51.70%,,,,
2021 Q2,330,169,10,151,51.30%,,,,
2021 Q3,316,159,9,148,50.40%,,,,
2021 Q4,301,151,8,142,50.10%,,,,
2022 Q1,298,146,8,144,48.90%,,,,
2022 Q2,297,142,7,147,48.00%,,,,
2022 Q3,289,139,7,143,48.10%,,,,
2022 Q4,289,137,7,145,47.40%,,,,
2023 Q1,275,131,6,139,47.40%,,,,
2023 Q2,275,131,6,139,47.50%,,,,
2023 Q3,270,126,6,138,46.80%,,,,
2023 Q4,255,124,5,126,48.60%,,,,
2024 Q1,255,111,5,139,43.70%,,,,
2024 Q2,256,115,4,138,44.70%,,,,
2024 Q3,243,107,4,132,44.10%,,,,
2024 Q4,244,109,4,131,44.60%,,,,
2025 Q1,233,,,,,,,,
2025 Q2,227,,,,,,,,
2025 Q3,214,,,,,,,,
2025 Q4,202,,,,,,,,
2026 Q1,187,,,,,,,,
,,,,,,,,,
Access,,,,,,,,,
2007,2033,1473,64,496,72.50%,,,,
2008,2022,1408,68,545,69.70%,,,,
2009,1916,1272,38,605,66.40%,,,,
2010,1825,1140,39,645,62.50%,,,,
2011,1908,1130,41,738,59.20%,,,,
2012,1777,1048,38,691,59.00%,,,,
2013,1720,983,35,701,57.20%,,,,
2014,1619,917,33,669,56.60%,,,,
2015,1509,861,36,612,57.10%,,,,
2016,1534,873,38,622,56.90%,,,,
2017,1438,817,34,586,56.90%,,,,
2018,1258,717,29,511,57.00%,,,,
2019,1166,667,25,474,57.20%,,,,
2020,1280,718,24,538,56.10%,,,,
2021,1032,559,22,451,54.10%,,,,
2022,940,483,20,437,51.40%,,,,
2023,877,458,16,403,52.20%,,,,
2024,824,395,13,416,47.90%,,,,
2025,730,,,,,,,,
,,,,,,,,,
2007 Q1,486,354,13,118,73.00%,,,,
2007 Q2,527,382,17,128,72.50%,,,,
2007 Q3,509,367,17,125,72.20%,,,,
2007 Q4,512,369,16,126,72.20%,,,,
2008 Q1,516,367,17,132,71.20%,,,,
2008 Q2,500,350,17,134,69.90%,,,,
2008 Q3,508,353,17,139,69.40%,,,,
2008 Q4,497,338,18,141,68.00%,,,,
2009 Q1,486,330,10,146,68.00%,,,,
2009 Q2,483,324,10,150,67.00%,,,,
2009 Q3,476,314,10,153,65.90%,,,,
2009 Q4,471,304,10,157,64.60%,,,,
2010 Q1,471,297,10,164,63.10%,,,,
2010 Q2,459,289,10,160,63.00%,,,,
2010 Q3,444,276,9,159,62.10%,,,,
2010 Q4,450,278,10,162,61.80%,,,,
2011 Q1,497,292,10,194,58.80%,,,,
2011 Q2,484,287,10,187,59.30%,,,,
2011 Q3,454,271,10,173,59.70%,,,,
2011 Q4,472,279,10,183,59.10%,,,,
2012 Q1,453,266,11,176,58.70%,,,,
2012 Q2,441,259,10,172,58.80%,,,,
2012 Q3,450,267,10,174,59.20%,,,,
2012 Q4,433,256,8,169,59.10%,,,,
2013 Q1,437,255,9,173,58.40%,,,,
2013 Q2,426,246,9,171,57.80%,,,,
2013 Q3,405,229,9,167,56.50%,,,,
2013 Q4,452,254,9,190,56.10%,,,,
2014 Q1,427,243,8,176,56.80%,,,,
2014 Q2,398,224,8,167,56.10%,,,,
2014 Q3,397,224,8,165,56.40%,,,,
2014 Q4,398,227,8,162,57.20%,,,,
2015 Q1,377,216,8,153,57.20%,,,,
2015 Q2,375,214,8,153,57.00%,,,,
2015 Q3,378,217,8,153,57.30%,,,,
2015 Q4,379,215,11,153,56.80%,,,,
2016 Q1,362,204,10,148,56.40%,,,,
2016 Q2,401,232,10,159,58.00%,,,,
2016 Q3,389,224,9,156,57.50%,,,,
2016 Q4,382,213,9,160,55.70%,,,,
2017 Q1,377,211,9,157,56.00%,,,,
2017 Q2,365,209,9,147,57.30%,,,,
2017 Q3,357,204,8,144,57.20%,,,,
2017 Q4,339,193,8,138,57.00%,,,,
2018 Q1,330,187,8,134,56.90%,,,,
2018 Q2,321,183,7,130,57.20%,,,,
2018 Q3,309,176,7,126,56.90%,,,,
2018 Q4,298,170,7,121,57.00%,,,,
2019 Q1,279,160,7,112,57.40%,,,,
2019 Q2,276,158,6,112,57.10%,,,,
2019 Q3,272,154,6,111,56.70%,,,,
2019 Q4,339,195,6,138,57.50%,,,,
2020 Q1,330,185,6,138,56.20%,,,,
2020 Q2,324,181,6,137,55.90%,,,,
2020 Q3,318,178,6,134,56.00%,,,,
2020 Q4,308,173,6,129,56.20%,,,,
2021 Q1,293,163,6,124,55.60%,,,,
2021 Q2,258,142,6,110,55.10%,,,,
2021 Q3,246,130,5,110,53.00%,,,,
2021 Q4,236,124,5,106,52.60%,,,,
2022 Q1,234,121,5,108,51.70%,,,,
2022 Q2,239,122,5,112,51.00%,,,,
2022 Q3,235,121,5,109,51.40%,,,,
2022 Q4,233,120,5,108,51.50%,,,,
2023 Q1,223,116,4,104,51.80%,,,,
2023 Q2,227,118,4,104,52.10%,,,,
2023 Q3,219,112,4,103,51.20%,,,,
2023 Q4,208,112,4,92,53.90%,,,,
2024 Q1,210,100,4,106,47.70%,,,,
2024 Q2,212,102,3,107,48.00%,,,,
2024 Q3,201,95,3,102,47.50%,,,,
2024 Q4,201,98,3,101,48.60%,,,,
2025 Q1,192,,,,,,,,
2025 Q2,190,,,,,,,,
2025 Q3,181,,,,,,,,
2025 Q4,168,,,,,,,,
2026 Q1,159,,,,,,,,
,,,,,,,,,
Calls,,,,,,,,,
2007,2068,847,97,1124,41.00%,,,,
2008,1860,727,81,1052,39.10%,,,,
2009,1592,612,70,910,38.50%,,,,
2010,1390,469,64,858,33.70%,,,,
2011,1175,402,57,717,34.20%,,,,
2012,1037,354,52,631,34.20%,,,,
2013,966,347,49,570,35.90%,,,,
2014,830,322,43,465,38.80%,,,,
2015,732,307,39,386,41.90%,,,,
2016,719,325,31,363,45.20%,,,,
2017,655,308,30,317,47.00%,,,,
2018,577,261,24,292,45.20%,,,,
2019,455,193,18,244,42.40%,,,,
2020,349,137,20,192,39.30%,,,,
2021,281,109,15,156,38.90%,,,,
2022,233,81,9,142,34.90%,,,,
2023,198,53,7,138,26.90%,,,,
2024,174,47,4,124,26.90%,,,,
2025,146,,,,,,,,
,,,,,,,,,
2007 Q1,548,220,26,302,40.20%,,,,
2007 Q2,525,215,24,286,41.00%,,,,
2007 Q3,510,214,24,272,42.00%,,,,
2007 Q4,485,198,23,264,40.90%,,,,
2008 Q1,475,195,22,258,41.10%,,,,
2008 Q2,480,193,21,266,40.10%,,,,
2008 Q3,465,173,20,272,37.20%,,,,
2008 Q4,440,166,19,255,37.70%,,,,
2009 Q1,423,170,19,235,40.10%,,,,
2009 Q2,403,155,18,230,38.40%,,,,
2009 Q3,386,151,17,218,39.00%,,,,
2009 Q4,380,137,16,227,36.10%,,,,
2010 Q1,369,128,16,225,34.60%,,,,
2010 Q2,357,117,16,224,32.70%,,,,
2010 Q3,346,115,16,214,33.30%,,,,
2010 Q4,319,110,15,194,34.40%,,,,
2011 Q1,314,107,15,192,34.20%,,,,
2011 Q2,298,103,14,181,34.60%,,,,
2011 Q3,290,99,14,177,34.10%,,,,
2011 Q4,274,92,14,168,33.70%,,,,
2012 Q1,274,95,14,165,34.60%,,,,
2012 Q2,263,88,13,163,33.30%,,,,
2012 Q3,257,90,13,154,35.10%,,,,
2012 Q4,243,82,12,149,33.80%,,,,
2013 Q1,249,84,13,152,33.80%,,,,
2013 Q2,247,88,12,147,35.70%,,,,
2013 Q3,239,89,13,137,37.10%,,,,
2013 Q4,231,86,12,133,37.20%,,,,
2014 Q1,222,85,11,125,38.40%,,,,
2014 Q2,206,77,10,118,37.50%,,,,
2014 Q3,205,81,11,112,39.70%,,,,
2014 Q4,197,78,10,109,39.50%,,,,
2015 Q1,188,75,12,102,39.80%,,,,
2015 Q2,178,72,10,97,40.40%,,,,
2015 Q3,186,81,9,96,43.30%,,,,
2015 Q4,180,80,9,91,44.30%,,,,
2016 Q1,184,79,8,96,43.10%,,,,
2016 Q2,182,82,8,93,45.00%,,,,
2016 Q3,178,82,8,87,46.40%,,,,
2016 Q4,176,82,7,87,46.40%,,,,
2017 Q1,179,86,8,85,47.70%,,,,
2017 Q2,163,77,7,80,47.10%,,,,
2017 Q3,160,76,7,77,47.50%,,,,
2017 Q4,152,69,7,76,45.50%,,,,
2018 Q1,149,70,7,72,46.90%,,,,
2018 Q2,149,69,7,73,46.50%,,,,
2018 Q3,140,62,5,73,44.20%,,,,
2018 Q4,140,60,5,75,42.90%,,,,
2019 Q1,124,54,4,65,43.90%,,,,
2019 Q2,116,52,4,60,44.40%,,,,
2019 Q3,118,48,5,65,40.80%,,,,
2019 Q4,97,39,5,53,40.10%,,,,
2020 Q1,91,38,5,48,42.20%,,,,
2020 Q2,86,33,5,48,38.20%,,,,
2020 Q3,88,34,5,48,39.00%,,,,
2020 Q4,84,31,5,48,37.40%,,,,
2021 Q1,73,26,5,42,36.00%,,,,
2021 Q2,72,27,4,41,37.70%,,,,
2021 Q3,71,29,3,38,41.20%,,,,
2021 Q4,65,27,3,35,41.10%,,,,
2022 Q1,64,25,3,36,38.80%,,,,
2022 Q2,58,20,2,35,35.50%,,,,
2022 Q3,55,19,2,34,34.10%,,,,
2022 Q4,56,17,2,37,30.50%,,,,
2023 Q1,52,15,2,35,28.70%,,,,
2023 Q2,48,13,2,34,25.90%,,,,
2023 Q3,51,14,2,35,27.50%,,,,
2023 Q4,47,12,1,34,25.20%,,,,
2024 Q1,45,11,1,33,24.90%,,,,
2024 Q2,45,13,1,31,29.00%,,,,
2024 Q3,42,12,1,30,27.70%,,,,
2024 Q4,42,11,1,31,25.90%,,,,
2025 Q1,41,,,,,,,,
2025 Q2,38,,,,,,,,
2025 Q3,34,,,,,,,,
2025 Q4,33,,,,,,,,
2026 Q1,28,,,,,,,,
,,,,,,,,,
Table 12: Summary of business exchange line numbers at end of quarter (000's),,,,,,,,,
,,,,,,,,,
,All Operators,BT,Virgin Media,Other,BT Share,,,,
2007,11424,6898,681,3844,60.40%,,,,
2008,11197,6295,689,4213,56.20%,,,,
2009,10669,5513,672,4484,51.70%,,,,
2010,10215,4980,627,4609,48.80%,,,,
2011,9857,4627,593,4637,46.90%,,,,
2012,9284,4270,517,4497,46.00%,,,,
2013,8806,3877,507,4422,44.00%,,,,
2014,8231,3549,491,4191,43.10%,,,,
2015,7836,3291,467,4078,42.00%,,,,
2016,7267,2983,511,3773,41.10%,,,,
2017,6557,2697,401,3459,41.10%,,,,
2018,6021,2533,359,3129,42.10%,,,,
2019,7094,3507,234,3354,49.40%,,,,
2020,6867,3535,199,3134,51.50%,,,,
2021,6328,3247,176,2905,51.30%,,,,
2022,6134,3107,154,2873,50.60%,,,,
2023,5779,3027,81,2671,52.40%,,,,
2024,5209,2747,46,2416,52.70%,,,,
2025,4556,,,,,,,,
,,,,,,,,,
2007 Q1,11392,7265,554,3574,63.80%,,,,
2007 Q2,11367,7158,562,3648,63.00%,,,,
2007 Q3,11392,7008,642,3741,61.50%,,,,
2007 Q4,11424,6898,681,3844,60.40%,,,,
2008 Q1,11367,6750,665,3952,59.40%,,,,
2008 Q2,11298,6592,662,4044,58.40%,,,,
2008 Q3,11248,6450,658,4141,57.30%,,,,
2008 Q4,11197,6295,689,4213,56.20%,,,,
2009 Q1,11127,6152,679,4296,55.30%,,,,
2009 Q2,10862,5835,675,4353,53.70%,,,,
2009 Q3,10766,5678,670,4418,52.70%,,,,
2009 Q4,10669,5513,672,4484,51.70%,,,,
2010 Q1,10533,5367,651,4515,51.00%,,,,
2010 Q2,10460,5250,640,4570,50.20%,,,,
2010 Q3,10351,5125,633,4594,49.50%,,,,
2010 Q4,10215,4980,627,4609,48.80%,,,,
2011 Q1,10191,4858,619,4715,47.70%,,,,
2011 Q2,10083,4827,598,4658,47.90%,,,,
2011 Q3,9973,4720,586,4667,47.30%,,,,
2011 Q4,9857,4627,593,4637,46.90%,,,,
2012 Q1,9711,4547,524,4640,46.80%,,,,
2012 Q2,9444,4408,520,4516,46.70%,,,,
2012 Q3,9334,4363,519,4452,46.70%,,,,
2012 Q4,9284,4270,517,4497,46.00%,,,,
2013 Q1,9110,4184,512,4415,45.90%,,,,
2013 Q2,9046,4080,506,4460,45.10%,,,,
2013 Q3,8937,3978,503,4457,44.50%,,,,
2013 Q4,8806,3877,507,4422,44.00%,,,,
2014 Q1,8667,3783,501,4383,43.70%,,,,
2014 Q2,8534,3697,497,4340,43.30%,,,,
2014 Q3,8357,3619,497,4240,43.30%,,,,
2014 Q4,8231,3549,491,4191,43.10%,,,,
2015 Q1,8093,3482,484,4127,43.00%,,,,
2015 Q2,8033,3413,482,4138,42.50%,,,,
2015 Q3,7921,3373,473,4076,42.60%,,,,
2015 Q4,7836,3291,467,4078,42.00%,,,,
2016 Q1,7676,3203,450,4024,41.70%,,,,
2016 Q2,7518,3127,444,3947,41.60%,,,,
2016 Q3,7373,3054,444,3875,41.40%,,,,
2016 Q4,7267,2983,511,3773,41.10%,,,,
2017 Q1,7073,2910,421,3742,41.20%,,,,
2017 Q2,6880,2843,410,3626,41.30%,,,,
2017 Q3,6713,2777,407,3529,41.40%,,,,
2017 Q4,6557,2697,401,3459,41.10%,,,,
2018 Q1,6365,2620,395,3350,41.20%,,,,
2018 Q2,6219,2541,383,3294,40.90%,,,,
2018 Q3,6074,2506,373,3195,41.30%,,,,
2018 Q4,6021,2533,359,3129,42.10%,,,,
2019 Q1,5848,2475,338,3035,42.30%,,,,
2019 Q2,5812,2438,343,3032,41.90%,,,,
2019 Q3,5664,2369,339,2956,41.80%,,,,
2019 Q4,7094,3507,234,3354,49.40%,,,,
2020 Q1,7004,3549,220,3236,50.70%,,,,
2020 Q2,6989,3549,212,3227,50.80%,,,,
2020 Q3,6922,3557,204,3161,51.40%,,,,
2020 Q4,6867,3535,199,3134,51.50%,,,,
2021 Q1,6693,3437,195,3061,51.40%,,,,
2021 Q2,6565,3386,189,2990,51.60%,,,,
2021 Q3,6447,3313,182,2952,51.40%,,,,
2021 Q4,6328,3247,176,2905,51.30%,,,,
2022 Q1,5613,3202,171,2241,57.00%,,,,
2022 Q2,5625,3205,164,2257,57.00%,,,,
2022 Q3,6250,3185,157,2908,51.00%,,,,
2022 Q4,6134,3107,154,2873,50.60%,,,,
2023 Q1,6102,3138,142,2822,51.40%,,,,
2023 Q2,5945,3093,107,2745,52.00%,,,,
2023 Q3,5837,3037,90,2710,52.00%,,,,
2023 Q4,5779,3027,81,2671,52.40%,,,,
2024 Q1,5649,2953,74,2622,52.30%,,,,
2024 Q2,5500,2901,63,2536,52.70%,,,,
2024 Q3,5375,2848,52,2475,53.00%,,,,
2024 Q4,5209,2747,46,2416,52.70%,,,,
2025 Q1,5067,,,,,,,,
2025 Q2,4839,,,,,,,,
2025 Q3,4660,,,,,,,,
2025 Q4,4556,,,,,,,,
2026 Q1,4413,,,,,,,,
,,,,,,,,,
Table 13: Summary of business call volumes by operator (millions of minutes),,,,,,,,,
,,,,,,,,,
,All Operators,BT,Virgin Media,Other,BT Share,,,,
2007,53808,21211,2999,29598,39.40%,,,,
2008,46607,17735,2555,26317,38.10%,,,,
2009,38274,14883,2369,21022,38.90%,,,,
2010,36367,13531,2201,20635,37.20%,,,,
2011,33486,12182,2076,19228,36.40%,,,,
2012,31039,11354,2098,17587,36.60%,,,,
2013,28959,10383,1749,16827,35.90%,,,,
2014,25911,9226,1763,14922,35.60%,,,,
2015,23370,8504,1355,13511,36.40%,,,,
2016,20960,7663,1160,12137,36.60%,,,,
2017,17994,6690,1065,10239,37.20%,,,,
2018,14940,5735,901,8304,38.40%,,,,
2019,13456,5131,706,7619,38.10%,,,,
2020,15183,4846,871,9466,31.90%,,,,
2021,14453,4405,732,9316,30.50%,,,,
2022,10276,3745,535,5996,36.40%,,,,
2023,8806,3241,421,5144,36.80%,,,,
2024,6620,2153,290,4177,32.50%,,,,
2025,5981,,,,,,,,
,,,,,,,,,
2007 Q1,15148,5855,834,8459,38.70%,,,,
2007 Q2,13648,5335,771,7542,39.10%,,,,
2007 Q3,12873,5174,726,6973,40.20%,,,,
2007 Q4,12139,4847,668,6624,39.90%,,,,
2008 Q1,12020,4777,649,6594,39.70%,,,,
2008 Q2,11870,4569,642,6659,38.50%,,,,
2008 Q3,11776,4348,646,6782,36.90%,,,,
2008 Q4,10941,4041,618,6282,36.90%,,,,
2009 Q1,10733,4005,630,6098,37.30%,,,,
2009 Q2,9505,3723,574,5208,39.20%,,,,
2009 Q3,8949,3674,596,4679,41.10%,,,,
2009 Q4,9087,3481,569,5037,38.30%,,,,
2010 Q1,9398,3580,585,5233,38.10%,,,,
2010 Q2,9104,3371,545,5188,37.00%,,,,
2010 Q3,9102,3388,542,5172,37.20%,,,,
2010 Q4,8763,3192,529,5042,36.40%,,,,
2011 Q1,8796,3238,542,5016,36.80%,,,,
2011 Q2,8306,3005,498,4803,36.20%,,,,
2011 Q3,8369,3039,514,4816,36.30%,,,,
2011 Q4,8015,2900,522,4593,36.20%,,,,
2012 Q1,8117,3003,555,4559,37.00%,,,,
2012 Q2,7799,2836,507,4456,36.40%,,,,
2012 Q3,7622,2803,521,4298,36.80%,,,,
2012 Q4,7500,2712,515,4273,36.20%,,,,
2013 Q1,7694,2804,512,4378,36.40%,,,,
2013 Q2,7379,2707,365,4307,36.70%,,,,
2013 Q3,7006,2527,392,4087,36.10%,,,,
2013 Q4,6879,2345,480,4054,34.10%,,,,
2014 Q1,6656,2320,447,3889,34.90%,,,,
2014 Q2,6570,2352,466,3752,35.80%,,,,
2014 Q3,6482,2333,462,3687,36.00%,,,,
2014 Q4,6203,2221,388,3594,35.80%,,,,
2015 Q1,6143,2240,370,3533,36.50%,,,,
2015 Q2,5857,2115,328,3414,36.10%,,,,
2015 Q3,5817,2137,337,3343,36.70%,,,,
2015 Q4,5554,2012,320,3222,36.20%,,,,
2016 Q1,5496,2031,320,3145,37.00%,,,,
2016 Q2,5317,1939,292,3086,36.50%,,,,
2016 Q3,5196,1889,281,3026,36.40%,,,,
2016 Q4,4952,1804,267,2881,36.40%,,,,
2017 Q1,4949,1832,280,2837,37.00%,,,,
2017 Q2,4468,1670,234,2564,37.40%,,,,
2017 Q3,4384,1632,277,2475,37.20%,,,,
2017 Q4,4193,1556,274,2363,37.10%,,,,
2018 Q1,4077,1540,276,2261,37.80%,,,,
2018 Q2,3829,1460,249,2120,38.10%,,,,
2018 Q3,3599,1383,208,2008,38.40%,,,,
2018 Q4,3434,1352,168,1914,39.40%,,,,
2019 Q1,3366,1362,149,1855,40.50%,,,,
2019 Q2,3215,1287,175,1753,40.00%,,,,
2019 Q3,3185,1272,169,1744,39.90%,,,,
2019 Q4,3690,1210,213,2267,32.80%,,,,
2020 Q1,3609,1233,218,2158,34.20%,,,,
2020 Q2,3424,1129,212,2083,33.00%,,,,
2020 Q3,3872,1269,222,2381,32.80%,,,,
2020 Q4,4278,1215,219,2844,28.40%,,,,
2021 Q1,3789,1182,213,2394,31.20%,,,,
2021 Q2,3721,1112,189,2420,29.90%,,,,
2021 Q3,3580,1094,171,2315,30.60%,,,,
2021 Q4,3362,1017,159,2186,30.30%,,,,
2022 Q1,2769,1026,165,1578,37.10%,,,,
2022 Q2,2559,927,134,1498,36.20%,,,,
2022 Q3,2506,910,111,1485,36.30%,,,,
2022 Q4,2442,882,125,1435,36.10%,,,,
2023 Q1,2388,882,112,1394,36.90%,,,,
2023 Q2,2131,793,101,1237,37.20%,,,,
2023 Q3,2188,811,117,1260,37.10%,,,,
2023 Q4,2099,755,91,1253,36.00%,,,,
2024 Q1,1892,661,86,1145,34.90%,,,,
2024 Q2,1666,531,75,1060,31.90%,,,,
2024 Q3,1545,488,66,991,31.60%,,,,
2024 Q4,1517,473,63,981,31.20%,,,,
2025 Q1,1495,,,,,,,,
2025 Q2,1473,,,,,,,,
2025 Q3,1469,,,,,,,,
2025 Q4,1543,,,,,,,,
2026 Q1,1510,,,,,,,,
,,,,,,,,,
Table 14: Summary of business call revenues by call type (£millions),,,,,,,,,
,,,,,,,,,
,All calls,UK geographic calls,International calls,Calls to mobiles,Other calls,,,,
2007,2068,597,318,789,364,,,,
2008,1860,516,284,743,316,,,,
2009,1592,400,189,717,286,,,,
2010,1390,341,156,647,246,,,,
2011,1175,295,142,551,188,,,,
2012,1037,258,132,462,185,,,,
2013,966,225,116,405,220,,,,
2014,830,200,102,329,199,,,,
2015,732,179,90,288,175,,,,
2016,719,189,76,254,200,,,,
2017,655,180,66,208,201,,,,
2018,577,148,51,175,203,,,,
2019,455,118,43,150,144,,,,
2020,349,83,39,168,60,,,,
2021,281,68,21,140,52,,,,
2022,233,53,20,104,68,,,,
2023,198,39,24,82,54,,,,
2024,174,31,28,70,46,,,,
2025,146,,,,,,,,
,,,,,,,,,
2007 Q1,548,159,82,207,100,,,,
2007 Q2,525,152,80,199,95,,,,
2007 Q3,510,147,79,195,89,,,,
2007 Q4,485,139,77,188,81,,,,
2008 Q1,475,135,75,185,80,,,,
2008 Q2,480,134,76,189,81,,,,
2008 Q3,465,130,69,189,77,,,,
2008 Q4,440,117,64,180,78,,,,
2009 Q1,423,113,57,181,72,,,,
2009 Q2,403,102,50,179,72,,,,
2009 Q3,386,94,42,179,72,,,,
2009 Q4,380,91,40,178,71,,,,
2010 Q1,369,92,41,171,65,,,,
2010 Q2,357,85,40,163,69,,,,
2010 Q3,346,84,39,160,63,,,,
2010 Q4,319,79,36,153,50,,,,
2011 Q1,314,77,36,150,50,,,,
2011 Q2,298,75,36,140,47,,,,
2011 Q3,290,73,35,134,47,,,,
2011 Q4,274,69,34,127,44,,,,
2012 Q1,274,69,35,126,44,,,,
2012 Q2,263,64,33,117,49,,,,
2012 Q3,257,65,32,113,47,,,,
2012 Q4,243,60,30,107,46,,,,
2013 Q1,249,60,29,102,57,,,,
2013 Q2,247,57,30,104,57,,,,
2013 Q3,239,55,29,102,53,,,,
2013 Q4,231,53,28,96,53,,,,
2014 Q1,222,53,27,92,50,,,,
2014 Q2,206,50,25,79,51,,,,
2014 Q3,205,49,25,82,49,,,,
2014 Q4,197,48,24,76,49,,,,
2015 Q1,188,46,24,76,42,,,,
2015 Q2,178,44,22,70,42,,,,
2015 Q3,186,44,23,72,47,,,,
2015 Q4,180,45,21,70,43,,,,
2016 Q1,184,46,20,68,50,,,,
2016 Q2,182,47,19,65,52,,,,
2016 Q3,178,47,18,63,49,,,,
2016 Q4,176,49,18,59,50,,,,
2017 Q1,179,51,20,59,50,,,,
2017 Q2,163,44,16,52,51,,,,
2017 Q3,160,44,16,49,50,,,,
2017 Q4,152,40,15,48,50,,,,
2018 Q1,149,40,14,46,50,,,,
2018 Q2,149,38,13,46,51,,,,
2018 Q3,140,36,12,41,51,,,,
2018 Q4,140,34,12,42,51,,,,
2019 Q1,124,31,11,38,43,,,,
2019 Q2,116,30,10,38,39,,,,
2019 Q3,118,29,10,37,42,,,,
2019 Q4,97,27,13,37,20,,,,
2020 Q1,91,25,12,37,17,,,,
2020 Q2,87,19,9,43,15,,,,
2020 Q3,88,20,10,44,14,,,,
2020 Q4,84,19,8,43,14,,,,
2021 Q1,73,17,5,38,12,,,,
2021 Q2,72,18,5,37,12,,,,
2021 Q3,71,18,5,34,14,,,,
2021 Q4,65,15,5,31,14,,,,
2022 Q1,64,14,5,30,18,,,,
2022 Q2,58,13,5,26,17,,,,
2022 Q3,55,13,5,24,17,,,,
2022 Q4,56,12,5,23,16,,,,
2023 Q1,52,11,5,22,14,,,,
2023 Q2,48,9,5,20,14,,,,
2023 Q3,51,10,6,21,14,,,,
2023 Q4,47,9,7,19,12,,,,
2024 Q1,45,8,7,19,12,,,,
2024 Q2,45,8,7,18,13,,,,
2024 Q3,42,8,7,18,9,,,,
2024 Q4,42,8,8,16,12,,,,
2025 Q1,41,,,,,,,,
2025 Q2,38,,,,,,,,
2025 Q3,34,,,,,,,,
2025 Q4,33,,,,,,,,
2026 Q1,28,,,,,,,,
,,,,,,,,,
Table 15: Summary of business call volumes by call type (millions of minutes),,,,,,,,,
,,,,,,,,,
,All Operators,BT,Virgin Media,Other,BT Share,,,,
,,,,,,,,,
UK geographic calls,,,,,,,,,
2007,30085,11418,1965,16702,38.00%,,,,
2008,26587,9895,1695,14997,37.20%,,,,
2009,21271,8288,1567,11416,39.00%,,,,
2010,20083,7482,1453,11148,37.30%,,,,
2011,18375,6732,1341,10302,36.60%,,,,
2012,16947,6110,1325,9512,36.10%,,,,
2013,15395,5323,943,9129,34.60%,,,,
2014,14169,4882,1102,8185,34.50%,,,,
2015,12582,4434,800,7348,35.20%,,,,
2016,11207,4011,674,6522,35.80%,,,,
2017,9723,3522,592,5609,36.20%,,,,
2018,8029,2896,488,4645,36.10%,,,,
2019,7260,2772,360,4128,38.20%,,,,
2020,7246,2706,363,4177,37.30%,,,,
2021,5955,2412,300,3243,40.50%,,,,
2022,5247,2101,208,2938,40.00%,,,,
2023,4598,1878,164,2556,40.80%,,,,
2024,3393,1312,118,1963,38.70%,,,,
2025,2889,,,,,,,,
,,,,,,,,,
2007 Q1,8256,3081,542,4633,37.30%,,,,
2007 Q2,7576,2857,491,4228,37.70%,,,,
2007 Q3,7255,2815,477,3963,38.80%,,,,
2007 Q4,6998,2665,455,3878,38.10%,,,,
2008 Q1,6957,2662,446,3849,38.30%,,,,
2008 Q2,6740,2552,423,3765,37.90%,,,,
2008 Q3,6684,2427,421,3836,36.30%,,,,
2008 Q4,6205,2254,405,3546,36.30%,,,,
2009 Q1,6055,2235,419,3401,36.90%,,,,
2009 Q2,5245,2070,381,2794,39.50%,,,,
2009 Q3,4918,2042,391,2485,41.50%,,,,
2009 Q4,5053,1941,376,2736,38.40%,,,,
2010 Q1,5226,1992,388,2846,38.10%,,,,
2010 Q2,5009,1844,360,2805,36.80%,,,,
2010 Q3,4999,1851,356,2792,37.00%,,,,
2010 Q4,4849,1795,349,2705,37.00%,,,,
2011 Q1,4851,1811,354,2686,37.30%,,,,
2011 Q2,4563,1662,321,2580,36.40%,,,,
2011 Q3,4580,1670,331,2579,36.50%,,,,
2011 Q4,4382,1589,335,2458,36.30%,,,,
2012 Q1,4456,1650,352,2454,37.00%,,,,
2012 Q2,4249,1517,316,2416,35.70%,,,,
2012 Q3,4200,1500,329,2371,35.70%,,,,
2012 Q4,4043,1443,328,2272,35.70%,,,,
2013 Q1,4136,1435,326,2375,34.70%,,,,
2013 Q2,3870,1387,169,2314,35.80%,,,,
2013 Q3,3660,1280,147,2233,35.00%,,,,
2013 Q4,3728,1221,301,2206,32.80%,,,,
2014 Q1,3631,1218,282,2131,33.50%,,,,
2014 Q2,3598,1248,295,2055,34.70%,,,,
2014 Q3,3551,1238,288,2025,34.90%,,,,
2014 Q4,3389,1178,237,1974,34.80%,,,,
2015 Q1,3304,1180,224,1900,35.70%,,,,
2015 Q2,3191,1100,194,1897,34.50%,,,,
2015 Q3,3115,1105,195,1815,35.50%,,,,
2015 Q4,2971,1049,187,1735,35.30%,,,,
2016 Q1,2941,1058,188,1695,36.00%,,,,
2016 Q2,2847,1016,171,1660,35.70%,,,,
2016 Q3,2769,991,163,1615,35.80%,,,,
2016 Q4,2650,946,152,1552,35.70%,,,,
2017 Q1,2670,971,160,1539,36.40%,,,,
2017 Q2,2417,885,129,1403,36.60%,,,,
2017 Q3,2368,859,151,1358,36.30%,,,,
2017 Q4,2269,807,152,1310,35.60%,,,,
2018 Q1,2198,786,152,1260,35.80%,,,,
2018 Q2,2064,741,135,1188,35.90%,,,,
2018 Q3,1946,706,110,1130,36.30%,,,,
2018 Q4,1821,663,91,1067,36.40%,,,,
2019 Q1,1801,701,77,1023,38.90%,,,,
2019 Q2,1739,670,91,978,38.50%,,,,
2019 Q3,1732,673,87,972,38.90%,,,,
2019 Q4,1988,728,105,1155,36.60%,,,,
2020 Q1,1879,738,104,1037,39.30%,,,,
2020 Q2,1576,600,79,897,38.10%,,,,
2020 Q3,1815,699,91,1025,38.50%,,,,
2020 Q4,1976,669,89,1218,33.90%,,,,
2021 Q1,1584,638,83,863,40.30%,,,,
2021 Q2,1521,608,77,836,40.00%,,,,
2021 Q3,1469,602,71,796,41.00%,,,,
2021 Q4,1382,564,69,749,40.80%,,,,
2022 Q1,1377,558,63,756,40.50%,,,,
2022 Q2,1312,520,53,739,39.60%,,,,
2022 Q3,1306,518,44,744,39.60%,,,,
2022 Q4,1251,505,48,698,40.40%,,,,
2023 Q1,1231,506,44,681,41.10%,,,,
2023 Q2,1123,455,40,628,40.50%,,,,
2023 Q3,1148,469,45,634,40.90%,,,,
2023 Q4,1096,448,35,613,40.90%,,,,
2024 Q1,958,387,34,537,40.40%,,,,
2024 Q2,861,322,31,508,37.40%,,,,
2024 Q3,801,308,27,466,38.50%,,,,
2024 Q4,774,295,26,453,38.10%,,,,
2025 Q1,737,,,,,,,,
2025 Q2,720,,,,,,,,
2025 Q3,707,,,,,,,,
2025 Q4,726,,,,,,,,
2026 Q1,688,,,,,,,,
,,,,,,,,,
International calls,,,,,,,,,
2007,3270,640,61,2569,19.60%,,,,
2008,2888,608,59,2221,21.10%,,,,
2009,2150,538,49,1563,25.00%,,,,
2010,1971,551,44,1376,28.00%,,,,
2011,1867,496,41,1330,26.60%,,,,
2012,1728,433,36,1259,25.10%,,,,
2013,1493,357,36,1100,23.90%,,,,
2014,1357,335,24,998,24.70%,,,,
2015,1250,321,24,905,25.70%,,,,
2016,1088,277,21,790,25.50%,,,,
2017,921,231,19,671,25.10%,,,,
2018,680,168,14,498,24.70%,,,,
2019,612,122,9,481,19.90%,,,,
2020,738,77,5,656,10.40%,,,,
2021,456,56,0,400,12.30%,,,,
2022,411,44,2,365,10.70%,,,,
2023,368,37,0,331,10.10%,,,,
2024,334,24,0,310,7.20%,,,,
2025,314,,,,,,,,
,,,,,,,,,
2007 Q1,873,166,8,699,19.00%,,,,
2007 Q2,834,161,18,655,19.30%,,,,
2007 Q3,791,160,18,613,20.20%,,,,
2007 Q4,771,153,17,601,19.80%,,,,
2008 Q1,757,159,16,582,21.00%,,,,
2008 Q2,734,158,15,561,21.50%,,,,
2008 Q3,727,150,14,563,20.60%,,,,
2008 Q4,669,141,14,514,21.10%,,,,
2009 Q1,638,143,12,483,22.40%,,,,
2009 Q2,547,135,12,400,24.70%,,,,
2009 Q3,478,127,14,337,26.50%,,,,
2009 Q4,486,133,11,342,27.30%,,,,
2010 Q1,490,140,12,338,28.60%,,,,
2010 Q2,503,140,11,352,27.80%,,,,
2010 Q3,496,136,11,349,27.40%,,,,
2010 Q4,482,135,10,337,28.00%,,,,
2011 Q1,482,137,11,334,28.40%,,,,
2011 Q2,466,127,12,327,27.30%,,,,
2011 Q3,463,119,9,335,25.70%,,,,
2011 Q4,456,113,9,334,24.80%,,,,
2012 Q1,461,120,10,331,26.00%,,,,
2012 Q2,457,111,10,336,24.30%,,,,
2012 Q3,421,99,8,314,23.50%,,,,
2012 Q4,389,103,8,278,26.50%,,,,
2013 Q1,374,94,9,271,25.20%,,,,
2013 Q2,387,92,10,285,23.80%,,,,
2013 Q3,372,87,9,276,23.40%,,,,
2013 Q4,361,84,8,269,23.30%,,,,
2014 Q1,344,84,7,253,24.40%,,,,
2014 Q2,338,85,6,247,25.20%,,,,
2014 Q3,345,85,6,254,24.60%,,,,
2014 Q4,330,81,5,244,24.50%,,,,
2015 Q1,327,86,6,235,26.30%,,,,
2015 Q2,310,81,5,224,26.10%,,,,
2015 Q3,319,79,7,233,24.80%,,,,
2015 Q4,295,75,6,214,25.40%,,,,
2016 Q1,285,75,6,204,26.30%,,,,
2016 Q2,275,72,5,198,26.20%,,,,
2016 Q3,274,67,5,202,24.50%,,,,
2016 Q4,254,63,5,186,24.80%,,,,
2017 Q1,246,64,5,177,26.00%,,,,
2017 Q2,232,59,4,169,25.40%,,,,
2017 Q3,225,55,5,165,24.40%,,,,
2017 Q4,218,53,5,160,24.40%,,,,
2018 Q1,192,53,5,134,27.60%,,,,
2018 Q2,184,49,4,131,26.60%,,,,
2018 Q3,154,33,3,118,21.50%,,,,
2018 Q4,150,33,2,115,22.00%,,,,
2019 Q1,143,33,2,108,23.10%,,,,
2019 Q2,139,31,2,106,22.20%,,,,
2019 Q3,130,30,2,98,23.10%,,,,
2019 Q4,200,28,3,169,14.00%,,,,
2020 Q1,190,26,2,162,13.70%,,,,
2020 Q2,163,18,1,144,11.10%,,,,
2020 Q3,171,17,1,153,10.00%,,,,
2020 Q4,215,16,1,198,7.50%,,,,
2021 Q1,127,15,0,112,11.80%,,,,
2021 Q2,120,15,0,105,12.50%,,,,
2021 Q3,98,13,0,85,13.30%,,,,
2021 Q4,111,13,0,98,11.80%,,,,
2022 Q1,109,12,1,96,11.00%,,,,
2022 Q2,107,11,1,95,10.30%,,,,
2022 Q3,100,11,0,89,11.00%,,,,
2022 Q4,95,10,0,85,10.50%,,,,
2023 Q1,94,10,0,84,10.60%,,,,
2023 Q2,90,9,0,81,10.00%,,,,
2023 Q3,92,9,0,83,9.80%,,,,
2023 Q4,92,9,0,83,9.80%,,,,
2024 Q1,87,7,0,80,8.10%,,,,
2024 Q2,82,6,0,76,7.30%,,,,
2024 Q3,83,6,0,77,7.20%,,,,
2024 Q4,82,5,0,77,6.10%,,,,
2025 Q1,82,,,,,,,,
2025 Q2,77,,,,,,,,
2025 Q3,77,,,,,,,,
2025 Q4,78,,,,,,,,
2026 Q1,77,,,,,,,,
,,,,,,,,,
Calls to mobiles,,,,,,,,,
2007,7054,3011,389,3654,42.70%,,,,
2008,6842,2760,347,3735,40.30%,,,,
2009,6370,2386,332,3652,37.50%,,,,
2010,6449,2214,327,3908,34.30%,,,,
2011,5938,2071,320,3547,34.90%,,,,
2012,5562,2024,348,3190,36.40%,,,,
2013,5373,1823,475,3075,33.90%,,,,
2014,4733,1713,344,2676,36.20%,,,,
2015,4372,1618,332,2422,37.00%,,,,
2016,4092,1508,308,2276,36.90%,,,,
2017,3694,1365,323,2006,37.00%,,,,
2018,3270,1218,293,1759,37.30%,,,,
2019,3168,1148,262,1758,36.20%,,,,
2020,4440,1542,396,2502,34.70%,,,,
2021,4416,1474,365,2577,33.40%,,,,
2022,3501,1188,249,2064,33.90%,,,,
2023,3046,1008,203,1835,33.10%,,,,
2024,2484,700,138,1646,28.20%,,,,
2025,2381,,,,,,,,
,,,,,,,,,
2007 Q1,1858,784,103,971,42.20%,,,,
2007 Q2,1776,754,97,925,42.50%,,,,
2007 Q3,1733,753,96,884,43.50%,,,,
2007 Q4,1687,720,93,874,42.70%,,,,
2008 Q1,1690,722,89,879,42.70%,,,,
2008 Q2,1739,715,88,936,41.10%,,,,
2008 Q3,1745,685,87,973,39.30%,,,,
2008 Q4,1668,638,83,947,38.20%,,,,
2009 Q1,1688,637,86,965,37.70%,,,,
2009 Q2,1551,596,81,874,38.40%,,,,
2009 Q3,1539,593,84,862,38.50%,,,,
2009 Q4,1591,560,81,950,35.20%,,,,
2010 Q1,1677,577,87,1013,34.40%,,,,
2010 Q2,1607,548,81,978,34.10%,,,,
2010 Q3,1601,552,80,969,34.50%,,,,
2010 Q4,1564,537,79,948,34.30%,,,,
2011 Q1,1549,540,82,927,34.90%,,,,
2011 Q2,1474,508,76,890,34.50%,,,,
2011 Q3,1488,523,80,885,35.20%,,,,
2011 Q4,1426,500,82,844,35.10%,,,,
2012 Q1,1453,531,90,832,36.50%,,,,
2012 Q2,1397,505,85,807,36.20%,,,,
2012 Q3,1373,504,87,782,36.70%,,,,
2012 Q4,1338,484,86,768,36.20%,,,,
2013 Q1,1380,487,88,805,35.30%,,,,
2013 Q2,1365,475,109,781,34.80%,,,,
2013 Q3,1391,441,183,767,31.70%,,,,
2013 Q4,1237,420,95,722,34.00%,,,,
2014 Q1,1207,422,88,697,35.00%,,,,
2014 Q2,1188,438,86,664,36.90%,,,,
2014 Q3,1192,436,87,669,36.60%,,,,
2014 Q4,1145,417,83,645,36.40%,,,,
2015 Q1,1140,424,84,632,37.20%,,,,
2015 Q2,1099,404,80,615,36.80%,,,,
2015 Q3,1091,404,85,602,37.00%,,,,
2015 Q4,1042,386,83,573,37.10%,,,,
2016 Q1,1062,394,81,587,37.10%,,,,
2016 Q2,1035,384,77,574,37.10%,,,,
2016 Q3,1012,375,75,562,37.10%,,,,
2016 Q4,983,355,75,553,36.10%,,,,
2017 Q1,982,361,80,541,36.80%,,,,
2017 Q2,918,344,73,501,37.50%,,,,
2017 Q3,910,336,86,488,36.90%,,,,
2017 Q4,884,324,84,476,36.60%,,,,
2018 Q1,889,326,86,477,36.70%,,,,
2018 Q2,833,309,81,443,37.10%,,,,
2018 Q3,783,292,68,423,37.30%,,,,
2018 Q4,765,291,58,416,38.00%,,,,
2019 Q1,791,303,56,432,38.30%,,,,
2019 Q2,776,287,68,421,37.00%,,,,
2019 Q3,777,283,69,425,36.40%,,,,
2019 Q4,824,275,69,480,33.40%,,,,
2020 Q1,858,304,77,477,35.50%,,,,
2020 Q2,1135,397,109,629,35.00%,,,,
2020 Q3,1201,430,103,668,35.80%,,,,
2020 Q4,1247,411,107,729,33.00%,,,,
2021 Q1,1185,410,108,667,34.60%,,,,
2021 Q2,1175,375,95,705,31.90%,,,,
2021 Q3,1067,359,85,623,33.70%,,,,
2021 Q4,990,330,77,583,33.30%,,,,
2022 Q1,997,341,77,579,34.20%,,,,
2022 Q2,875,294,62,519,33.60%,,,,
2022 Q3,821,283,51,487,34.50%,,,,
2022 Q4,807,270,59,478,33.40%,,,,
2023 Q1,808,273,53,482,33.80%,,,,
2023 Q2,732,244,48,440,33.30%,,,,
2023 Q3,757,250,57,450,33.00%,,,,
2023 Q4,749,241,45,463,32.20%,,,,
2024 Q1,715,226,41,448,31.60%,,,,
2024 Q2,619,172,35,412,27.80%,,,,
2024 Q3,578,151,32,395,26.10%,,,,
2024 Q4,572,151,30,391,26.40%,,,,
2025 Q1,585,,,,,,,,
2025 Q2,576,,,,,,,,
2025 Q3,585,,,,,,,,
2025 Q4,635,,,,,,,,
2026 Q1,645,,,,,,,,
,,,,,,,,,
Other calls,,,,,,,,,
2007,13399,6142,584,6673,45.80%,,,,
2008,10291,4472,454,5365,43.50%,,,,
2009,8483,3671,421,4391,43.30%,,,,
2010,7864,3284,377,4203,41.80%,,,,
2011,7306,2883,374,4049,39.50%,,,,
2012,6802,2787,389,3626,41.00%,,,,
2013,6697,2880,295,3522,43.00%,,,,
2014,5652,2296,293,3063,40.60%,,,,
2015,5166,2131,199,2836,41.30%,,,,
2016,4574,1867,157,2550,40.80%,,,,
2017,3657,1572,131,1954,43.00%,,,,
2018,2960,1453,106,1401,49.10%,,,,
2019,2415,1089,75,1251,45.10%,,,,
2020,2759,521,107,2131,18.90%,,,,
2021,3626,463,67,3096,12.80%,,,,
2022,1117,412,76,629,36.90%,,,,
2023,794,318,54,422,40.00%,,,,
2024,409,117,34,258,28.60%,,,,
2025,397,,,,,,,,
,,,,,,,,,
2007 Q1,4162,1824,181,2157,43.80%,,,,
2007 Q2,3461,1563,165,1733,45.20%,,,,
2007 Q3,3094,1446,135,1513,46.70%,,,,
2007 Q4,2682,1309,103,1270,48.80%,,,,
2008 Q1,2615,1234,98,1283,47.20%,,,,
2008 Q2,2657,1144,116,1397,43.10%,,,,
2008 Q3,2620,1086,124,1410,41.50%,,,,
2008 Q4,2399,1008,116,1275,42.00%,,,,
2009 Q1,2352,990,113,1249,42.10%,,,,
2009 Q2,2161,922,100,1139,42.70%,,,,
2009 Q3,2014,912,107,995,45.30%,,,,
2009 Q4,1957,847,101,1009,43.30%,,,,
2010 Q1,2006,871,98,1037,43.40%,,,,
2010 Q2,1985,839,93,1053,42.30%,,,,
2010 Q3,2006,849,95,1062,42.30%,,,,
2010 Q4,1868,725,91,1052,38.80%,,,,
2011 Q1,1914,750,95,1069,39.20%,,,,
2011 Q2,1804,708,89,1007,39.30%,,,,
2011 Q3,1839,727,94,1018,39.50%,,,,
2011 Q4,1750,698,96,956,39.90%,,,,
2012 Q1,1747,702,103,942,40.20%,,,,
2012 Q2,1696,703,96,897,41.40%,,,,
2012 Q3,1628,700,97,831,43.00%,,,,
2012 Q4,1730,682,93,955,39.40%,,,,
2013 Q1,1805,788,89,928,43.70%,,,,
2013 Q2,1757,753,77,927,42.90%,,,,
2013 Q3,1582,719,53,810,45.40%,,,,
2013 Q4,1553,620,76,857,39.90%,,,,
2014 Q1,1474,596,70,808,40.40%,,,,
2014 Q2,1446,581,79,786,40.20%,,,,
2014 Q3,1394,574,81,739,41.20%,,,,
2014 Q4,1339,545,63,731,40.70%,,,,
2015 Q1,1373,550,56,767,40.10%,,,,
2015 Q2,1256,530,49,677,42.20%,,,,
2015 Q3,1292,549,50,693,42.50%,,,,
2015 Q4,1246,502,44,700,40.30%,,,,
2016 Q1,1207,504,45,658,41.80%,,,,
2016 Q2,1160,467,39,654,40.30%,,,,
2016 Q3,1141,456,38,647,40.00%,,,,
2016 Q4,1065,440,35,590,41.30%,,,,
2017 Q1,1051,436,35,580,41.50%,,,,
2017 Q2,902,382,28,492,42.40%,,,,
2017 Q3,882,382,35,465,43.30%,,,,
2017 Q4,822,372,33,417,45.30%,,,,
2018 Q1,798,375,33,390,47.00%,,,,
2018 Q2,748,361,29,358,48.30%,,,,
2018 Q3,718,352,27,339,49.10%,,,,
2018 Q4,697,365,17,315,52.40%,,,,
2019 Q1,631,325,14,292,51.50%,,,,
2019 Q2,561,299,14,248,53.30%,,,,
2019 Q3,546,286,11,249,52.40%,,,,
2019 Q4,678,179,36,463,26.40%,,,,
2020 Q1,682,165,35,482,24.20%,,,,
2020 Q2,551,114,23,414,20.70%,,,,
2020 Q3,686,123,27,536,17.90%,,,,
2020 Q4,840,119,22,699,14.20%,,,,
2021 Q1,894,119,22,753,13.30%,,,,
2021 Q2,905,114,17,774,12.60%,,,,
2021 Q3,947,120,15,812,12.70%,,,,
2021 Q4,880,110,13,757,12.50%,,,,
2022 Q1,285,115,24,146,40.40%,,,,
2022 Q2,265,102,18,145,38.40%,,,,
2022 Q3,278,98,16,164,35.20%,,,,
2022 Q4,289,97,18,174,33.60%,,,,
2023 Q1,255,93,15,147,36.40%,,,,
2023 Q2,186,85,13,88,45.70%,,,,
2023 Q3,191,83,15,93,43.40%,,,,
2023 Q4,162,57,11,94,35.20%,,,,
2024 Q1,132,41,11,80,31.00%,,,,
2024 Q2,104,31,9,64,29.70%,,,,
2024 Q3,84,23,7,54,27.50%,,,,
2024 Q4,89,22,7,60,24.70%,,,,
2025 Q1,91,,,,,,,,
2025 Q2,100,,,,,,,,
2025 Q3,101,,,,,,,,
2025 Q4,105,,,,,,,,
2026 Q1,100,,,,,,,,
,,,,,,,,,
Table 16: Summary of residential and small business broadband connections at end of quarter (000's),,,,,,,,,
,,,,,,,,,
,Total,ADSL,Cable,Other (inc. FTTx),BT retail Share,,,,
2007,15725,12269,3420,35,27.00%,,,,
2008,17394,13667,3691,36,26.80%,,,,
2009,18354,14463,3845,47,27.30%,,,,
2010,19613,15454,4028,131,28.20%,,,,
2011,20728,16192,4120,416,29.60%,,,,
2012,21837,16372,4290,1174,30.10%,,,,
2013,22757,15990,4394,2372,31.30%,,,,
2014,23710,15392,4541,3777,32.00%,,,,
2015,24663,14393,4701,5570,32.40%,,,,
2016,25474,13249,4924,7301,32.50%,,,,
2017,26043,11493,5110,9440,35.90%,,,,
2018,26596,9551,5225,11819,34.60%,,,,
2019,26908,7362,5080,14465,33.90%,,,,
2020,27402,5252,5268,16883,33.60%,,,,
2021,27821,3739,5355,18726,33.50%,,,,
2022,28149,2833,5440,19876,32.90%,,,,
2023,28421,2275,5533,20613,32.00%,,,,
2024,29217,1809,5269,22138,30.30%,,,,
2025,29342,,,,,,,,
,,,,,,,,,
2007 Q1,14039,10812,3192,35,26.10%,,,,
2007 Q2,14551,11274,3242,35,26.30%,,,,
2007 Q3,15102,11755,3313,34,27.00%,,,,
2007 Q4,15725,12269,3420,35,27.00%,,,,
2008 Q1,16317,12771,3510,36,27.00%,,,,
2008 Q2,16714,13106,3572,36,27.00%,,,,
2008 Q3,17040,13370,3634,36,26.80%,,,,
2008 Q4,17394,13667,3691,36,26.80%,,,,
2009 Q1,17662,13905,3738,20,26.90%,,,,
2009 Q2,17840,14068,3742,30,27.10%,,,,
2009 Q3,18045,14227,3781,37,27.20%,,,,
2009 Q4,18354,14463,3845,47,27.30%,,,,
2010 Q1,18707,14734,3917,56,27.40%,,,,
2010 Q2,18976,14971,3943,62,27.50%,,,,
2010 Q3,19214,15164,3986,65,27.80%,,,,
2010 Q4,19613,15454,4028,131,28.20%,,,,
2011 Q1,19909,15650,4078,181,28.60%,,,,
2011 Q2,20148,15873,4065,210,28.90%,,,,
2011 Q3,20436,16045,4090,301,29.40%,,,,
2011 Q4,20728,16192,4120,416,29.60%,,,,
2012 Q1,21082,16367,4165,550,29.80%,,,,
2012 Q2,21254,16353,4168,733,29.90%,,,,
2012 Q3,21486,16338,4225,924,30.00%,,,,
2012 Q4,21837,16372,4290,1174,30.10%,,,,
2013 Q1,22064,16290,4328,1447,30.40%,,,,
2013 Q2,22266,16223,4325,1718,30.50%,,,,
2013 Q3,22466,16078,4355,2033,30.90%,,,,
2013 Q4,22757,15990,4394,2372,31.30%,,,,
2014 Q1,23013,15858,4435,2720,31.60%,,,,
2014 Q2,23176,15671,4435,3070,32.10%,,,,
2014 Q3,23391,15507,4484,3400,32.00%,,,,
2014 Q4,23710,15392,4541,3777,32.00%,,,,
2015 Q1,23991,15181,4568,4242,32.10%,,,,
2015 Q2,24162,14943,4578,4640,32.30%,,,,
2015 Q3,24394,14697,4632,5065,32.30%,,,,
2015 Q4,24663,14393,4701,5570,32.40%,,,,
2016 Q1,24884,14117,4771,5997,32.50%,,,,
2016 Q2,25037,13885,4814,6337,32.50%,,,,
2016 Q3,25229,13563,4876,6789,32.50%,,,,
2016 Q4,25474,13249,4924,7301,32.50%,,,,
2017 Q1,25644,12806,5003,7835,32.20%,,,,
2017 Q2,25717,12392,5032,8292,32.10%,,,,
2017 Q3,25843,11948,5079,8816,31.90%,,,,
2017 Q4,26043,11493,5110,9440,35.90%,,,,
2018 Q1,26193,11030,5149,10013,35.70%,,,,
2018 Q2,26368,10719,5173,10476,35.30%,,,,
2018 Q3,26462,10142,5203,11117,34.80%,,,,
2018 Q4,26596,9551,5225,11819,34.60%,,,,
2019 Q1,26778,9002,5250,12526,34.30%,,,,
2019 Q2,26756,8443,5273,13039,34.20%,,,,
2019 Q3,26846,7891,5277,13679,34.10%,,,,
2019 Q4,26908,7362,5080,14465,33.90%,,,,
2020 Q1,27006,6730,5090,15187,33.60%,,,,
2020 Q2,27093,6264,5145,15684,33.60%,,,,
2020 Q3,27250,5709,5215,16326,33.50%,,,,
2020 Q4,27402,5252,5268,16883,33.60%,,,,
2021 Q1,27531,4688,5293,17551,33.50%,,,,
2021 Q2,27641,4374,5335,17932,33.50%,,,,
2021 Q3,27744,4006,5381,18357,33.50%,,,,
2021 Q4,27821,3739,5355,18726,33.50%,,,,
2022 Q1,28001,3362,5383,19255,33.40%,,,,
2022 Q2,28092,3159,5399,19534,33.20%,,,,
2022 Q3,28075,2950,5412,19713,33.10%,,,,
2022 Q4,28149,2833,5440,19876,32.90%,,,,
2023 Q1,28371,2657,5465,20248,32.60%,,,,
2023 Q2,28341,2538,5419,20384,32.50%,,,,
2023 Q3,28378,2419,5447,20512,32.20%,,,,
2023 Q4,28421,2275,5533,20613,32.00%,,,,
2024 Q1,28420,2177,5368,20874,31.80%,,,,
2024 Q2,29030,2058,5327,21645,30.70%,,,,
2024 Q3,29146,1931,5305,21910,30.60%,,,,
2024 Q4,29217,1809,5269,22138,30.30%,,,,
2025 Q1,29165,,,,,,,,
2025 Q2,29175,,,,,,,,
2025 Q3,29242,,,,,,,,
2025 Q4,29342,,,,,,,,
2026 Q1,29448,,,,,,,,
,,,,,,,,,
,,,,,,,,,
,,,,,,,,,
,,,,,,,,,
Mobile tables,,,,,,,,,
,,,,,,,,,
Table 1: Estimated retail revenues generated by mobile telephony (£millions),,,,,,,,,
,,,,,,,,,
,Total,Access and bundled svcs,UK fixed calls,On-net mobile calls,Off-net mobile calls,Int'l calls,Other calls,SMS and MMS,Data services
2007,14485,6079,962,722,1739,460,1641,2634,249
2008,14955,6636,850,700,1582,542,1324,2736,585
2009,14950,6419,782,647,1464,534,939,2595,1571
2010,15083,6712,713,607,1243,509,912,2578,1809
2011,15650,7098,632,524,1082,533,1166,2471,2145
2012,16155,7612,638,419,924,595,1089,2375,2503
2013,15844,8172,576,318,698,639,982,1807,2651
2014,15666,8766,484,373,517,598,899,1296,2732
2015,15805,10858,395,315,435,523,749,773,1758
2016,15994,11511,313,280,366,453,584,713,1772
2017,16168,12147,253,242,296,416,436,645,1733
2018,13794,10193,208,224,243,377,333,608,1609
2019,13428,10456,167,205,213,273,213,568,1334
2020,12573,10234,105,109,148,188,112,496,1181
2021,12283,10142,67,65,90,140,95,440,1244
2022,12977,10653,55,60,70,131,146,440,1422
2023,13675,11322,43,56,65,117,169,424,1480
2024,14144,11847,31,54,56,104,180,435,1438
2025,14504,12356,25,46,48,92,158,406,1372
,,,,,,,,,
2007 Q1,3491,1451,222,179,442,100,391,648,57
2007 Q2,3563,1465,248,173,443,108,416,650,61
2007 Q3,3729,1521,250,185,438,121,487,666,61
2007 Q4,3702,1642,242,185,416,131,347,669,69
2008 Q1,3689,1645,212,179,390,126,316,708,114
2008 Q2,3744,1668,208,171,391,134,368,686,118
2008 Q3,3818,1659,218,176,399,142,418,669,137
2008 Q4,3704,1664,212,175,403,139,222,673,216
2009 Q1,3719,1593,195,165,370,134,234,640,389
2009 Q2,3690,1596,200,169,376,135,219,632,363
2009 Q3,3800,1599,202,162,365,135,265,667,404
2009 Q4,3741,1631,185,151,353,130,220,655,415
2010 Q1,3706,1633,180,139,333,122,212,644,443
2010 Q2,3787,1689,173,152,311,124,241,635,460
2010 Q3,3800,1678,179,155,298,131,253,644,462
2010 Q4,3791,1711,181,161,300,133,205,655,444
2011 Q1,3822,1737,159,136,263,129,274,628,497
2011 Q2,3870,1745,157,130,273,134,307,594,530
2011 Q3,3994,1784,157,130,274,137,324,626,562
2011 Q4,3964,1832,159,127,272,133,261,624,555
2012 Q1,3925,1830,157,109,249,136,261,598,585
2012 Q2,4028,1879,166,109,239,142,281,591,620
2012 Q3,4106,1925,161,107,228,157,288,591,649
2012 Q4,4097,1978,155,94,208,160,258,595,649
2013 Q1,4044,1944,144,82,184,155,235,589,711
2013 Q2,3900,2021,142,84,177,159,250,420,647
2013 Q3,3925,2026,141,77,172,164,270,409,667
2013 Q4,3974,2181,149,75,165,162,227,390,627
2014 Q1,3847,2133,124,95,130,147,225,332,659
2014 Q2,3902,2157,123,93,131,149,234,327,687
2014 Q3,3940,2183,122,93,129,152,227,323,710
2014 Q4,3978,2293,115,92,126,150,212,314,675
2015 Q1,3896,2666,104,82,109,138,186,193,419
2015 Q2,3954,2704,100,79,110,133,190,197,440
2015 Q3,3970,2709,98,77,108,125,203,193,457
2015 Q4,3986,2779,92,77,107,127,171,191,443
2016 Q1,3907,2787,82,69,93,117,153,177,429
2016 Q2,3942,2841,79,70,92,112,143,176,430
2016 Q3,4055,2903,78,71,92,110,156,183,463
2016 Q4,4089,2981,75,71,88,114,132,178,451
2017 Q1,3944,2937,67,62,74,103,118,166,416
2017 Q2,4008,2995,65,61,75,104,115,160,433
2017 Q3,4117,3097,64,60,76,108,105,160,448
2017 Q4,4099,3119,57,58,71,101,98,159,435
2018 Q1,3396,2486,52,55,61,89,87,150,416
2018 Q2,3444,2545,53,55,58,93,87,150,403
2018 Q3,3517,2588,54,58,59,102,92,154,410
2018 Q4,3438,2574,50,55,64,93,66,154,381
2019 Q1,3349,2565,44,51,57,81,56,144,351
2019 Q2,3367,2618,43,52,54,72,53,139,337
2019 Q3,3387,2641,42,52,53,61,53,139,345
2019 Q4,3325,2632,37,50,49,59,51,146,301
2020 Q1,3206,2553,36,49,49,61,49,136,273
2020 Q2,3113,2567,25,21,36,49,17,120,278
2020 Q3,3104,2523,24,20,33,41,23,116,325
2020 Q4,3090,2533,20,20,30,37,23,124,303
2021 Q1,3034,2513,17,16,25,37,22,107,296
2021 Q2,3059,2539,17,16,23,35,20,107,302
2021 Q3,3087,2542,17,16,22,34,25,107,323
2021 Q4,3103,2547,16,16,20,34,28,119,323
2022 Q1,3115,2573,14,15,18,33,30,109,321
2022 Q2,3229,2661,14,14,17,33,35,106,348
2022 Q3,3361,2756,14,15,17,33,42,107,377
2022 Q4,3273,2663,13,15,17,32,39,118,375
2023 Q1,3179,2629,12,14,16,30,35,99,345
2023 Q2,3482,2892,11,14,16,30,42,105,372
2023 Q3,3525,2909,10,14,16,29,51,106,389
2023 Q4,3488,2892,9,14,16,28,42,114,373
2024 Q1,3407,2859,8,14,14,26,39,102,345
2024 Q2,3579,3007,8,13,14,27,43,107,359
2024 Q3,3586,2985,8,13,14,27,50,113,376
2024 Q4,3571,2996,7,13,13,25,47,113,358
2025 Q1,3515,3001,7,12,12,24,41,93,326
2025 Q2,3686,3140,6,12,13,23,40,102,349
2025 Q3,3687,3125,6,12,12,23,44,98,367
2025 Q4,3617,3090,5,11,11,22,33,112,331
2026 Q1,3570,3086,5,10,11,22,31,89,315
,,,,,,,,,
"Table 2: Call, message, and data volumes by call type (billions of minutes/messages/PB)",,,,,,,,,
,,,,,,,,,
,All calls,UK fixed calls,On-net mobile calls,Off-net mobile calls,Int'l calls,Calls when roaming,Other calls,SMS & MMS messages,Data
2007,106.29,30.51,33.23,31.96,3.53,1.99,5.07,63.34,
2008,118.89,31.32,39.77,35.53,4.82,2.01,5.45,83.17,
2009,126.89,31.8,43.45,37.71,5.76,1.89,6.28,104.39,
2010,131.44,32.34,46.33,38.25,6.37,1.86,6.28,127.86,
2011,131.47,31.79,43.44,41.59,7.07,1.82,5.76,149.11,
2012,132.09,31.42,41.55,43.49,7.9,1.68,6.05,150.83,
2013,133.74,32.36,39.62,47.04,7.93,1.74,5.04,129.44,283
2014,137.32,32.19,39.12,51.79,6.98,1.72,5.52,109.54,533
2015,143.04,33.21,39.59,56.18,6.5,1.92,5.65,101.01,912
2016,151.7,33.87,43.01,60.89,5.98,2.3,5.65,91.2,1296
2017,153.7,33.94,45.74,61.23,4.76,2.48,5.57,78.78,1794
2018,160.73,34.58,47.74,66.13,3.97,2.81,5.51,74.11,2451
2019,161.11,33.9,47.98,67.55,3.47,2.87,5.32,65.04,3291
2020,189.63,41.61,54.59,82.35,3.06,1.75,6.27,48.43,4459
2021,186.48,39.88,54.19,82.59,2.27,1.52,6.03,40.86,5751
2022,171.08,35.25,50.23,76.35,1.77,1.81,5.67,36.63,7576
2023,164.77,29.63,48.7,77.96,1.85,1.72,4.91,31.68,9405
2024,157.86,27.37,47.89,75.68,1.41,1.33,4.19,28.03,10452
2025,149.18,25.08,45.22,72.45,1.14,1.23,4.06,21.51,11743
,,,,,,,,,
2007 Q1,25.02,7.52,7.55,7.54,0.68,0.44,1.3,14.59,
2007 Q2,26.29,7.55,8.21,7.89,0.85,0.52,1.27,15.14,
2007 Q3,26.84,7.7,8.43,7.99,0.96,0.58,1.17,15.82,
2007 Q4,28.14,7.74,9.04,8.54,1.04,0.44,1.33,17.79,
2008 Q1,28.7,7.74,9.54,8.53,1.1,0.45,1.34,19.07,
2008 Q2,29.68,7.82,9.89,8.92,1.19,0.53,1.32,20.08,
2008 Q3,29.88,7.82,9.94,8.92,1.24,0.61,1.35,20.97,
2008 Q4,30.63,7.93,10.4,9.16,1.29,0.42,1.43,23.05,
2009 Q1,31.09,7.87,10.73,9.13,1.35,0.39,1.61,24.33,
2009 Q2,31.34,7.78,10.71,9.33,1.43,0.47,1.62,25.26,
2009 Q3,31.71,7.96,10.69,9.45,1.47,0.62,1.52,25.61,
2009 Q4,32.75,8.2,11.32,9.8,1.51,0.41,1.53,29.19,
2010 Q1,32.9,8.11,11.49,9.88,1.52,0.41,1.5,30.12,
2010 Q2,32.73,7.88,11.54,9.38,1.57,0.51,1.84,30.74,
2010 Q3,32.4,8.02,11.44,9.33,1.61,0.55,1.45,31.36,
2010 Q4,33.4,8.32,11.86,9.67,1.67,0.39,1.49,35.64,
2011 Q1,32.9,8.08,11.35,9.96,1.7,0.38,1.43,36.22,
2011 Q2,32.62,7.89,10.68,10.42,1.75,0.48,1.4,36.3,
2011 Q3,32.83,7.93,10.58,10.53,1.8,0.57,1.42,37.19,
2011 Q4,33.12,7.89,10.83,10.68,1.83,0.39,1.51,39.39,
2012 Q1,33.3,7.98,10.83,10.83,1.91,0.36,1.38,38.83,
2012 Q2,33.04,7.79,10.45,10.9,1.99,0.43,1.49,38.29,
2012 Q3,32.95,7.89,10.24,10.8,1.98,0.52,1.52,36.48,
2012 Q4,32.8,7.76,10.04,10.97,2.02,0.37,1.65,37.23,58
2013 Q1,33.25,8.11,10.14,11.32,2.1,0.39,1.2,34.59,57
2013 Q2,32.89,7.87,9.78,11.62,2.02,0.44,1.15,32.2,67
2013 Q3,33.39,7.98,9.78,11.73,1.96,0.53,1.39,31.82,77
2013 Q4,34.2,8.39,9.92,12.37,1.84,0.38,1.3,30.84,82
2014 Q1,33.41,8.03,10.14,12.33,1.54,0.32,1.06,28.29,97
2014 Q2,34.31,7.87,9.69,12.95,1.88,0.42,1.5,27.88,126
2014 Q3,34.15,7.96,9.42,12.89,1.81,0.57,1.5,26.99,146
2014 Q4,35.44,8.33,9.87,13.62,1.75,0.41,1.46,26.38,164
2015 Q1,35.22,8.28,9.77,13.72,1.66,0.37,1.43,25.96,190
2015 Q2,35.97,8.41,9.88,14.01,1.75,0.47,1.46,25.32,224
2015 Q3,35.01,8.02,9.57,13.96,1.49,0.57,1.39,24.73,234
2015 Q4,36.83,8.51,10.37,14.48,1.6,0.51,1.37,25,264
2016 Q1,36.88,8.31,10.28,14.9,1.54,0.47,1.39,23.52,277
2016 Q2,38,8.22,10.6,15.72,1.57,0.51,1.38,22.65,310
2016 Q3,37.87,8.7,10.79,14.71,1.51,0.74,1.43,22.67,341
2016 Q4,38.96,8.65,11.34,15.57,1.37,0.58,1.46,22.37,368
2017 Q1,38.33,8.63,11.42,15.08,1.26,0.52,1.44,20.58,394
2017 Q2,37.55,8.46,11.32,14.58,1.19,0.63,1.37,19.21,412
2017 Q3,38.31,8.48,11.23,15.26,1.17,0.78,1.38,19.09,480
2017 Q4,39.51,8.37,11.78,16.3,1.14,0.55,1.37,19.9,508
2018 Q1,40.38,8.57,12.01,16.82,1.07,0.55,1.37,18.88,532
2018 Q2,40.5,8.83,12.09,16.45,1.01,0.72,1.41,18.56,597
2018 Q3,39.9,8.7,11.75,16.15,0.99,0.87,1.43,18.74,638
2018 Q4,39.95,8.49,11.89,16.71,0.9,0.67,1.3,17.93,685
2019 Q1,39.95,8.58,11.89,16.68,0.89,0.6,1.31,16.7,693
2019 Q2,40.06,8.25,11.97,16.89,0.9,0.77,1.28,16.5,787
2019 Q3,39.64,8.32,11.65,16.49,0.84,1,1.34,16.03,882
2019 Q4,41.45,8.76,12.47,17.49,0.84,0.5,1.39,15.82,929
2020 Q1,44.88,9.73,13.19,18.99,0.86,0.51,1.6,14.79,1004
2020 Q2,49.6,10.93,14.01,22.02,0.81,0.33,1.5,10.87,1059
2020 Q3,46.92,10.38,13.44,20.24,0.71,0.55,1.62,11.85,1161
2020 Q4,48.26,10.58,13.97,21.11,0.68,0.36,1.56,11.17,1235
2021 Q1,48.47,10.54,13.89,21.6,0.63,0.32,1.5,9.64,1287
2021 Q2,46.22,9.8,13.49,20.53,0.59,0.3,1.5,10.17,1410
2021 Q3,45.33,9.68,13.18,19.93,0.54,0.51,1.5,10.57,1495
2021 Q4,46.46,9.86,13.63,20.53,0.52,0.39,1.53,10.48,1558
2022 Q1,45.48,9.58,13.37,20.23,0.5,0.36,1.43,9.67,1634
2022 Q2,42,8.59,12.39,18.71,0.45,0.46,1.41,9.06,1747
2022 Q3,41.5,8.53,12.07,18.44,0.41,0.6,1.44,9.1,2044
2022 Q4,42.1,8.54,12.41,18.97,0.4,0.39,1.39,8.8,2150
2023 Q1,42.1,7.77,12.26,19.84,0.5,0.37,1.37,8.15,2201
2023 Q2,40.51,7.18,11.91,19.21,0.49,0.45,1.28,7.94,2294
2023 Q3,40.34,7.3,11.94,18.93,0.44,0.55,1.17,7.79,2437
2023 Q4,41.82,7.39,12.59,19.97,0.42,0.36,1.1,7.82,2474
2024 Q1,41.19,7.31,12.42,19.67,0.38,0.3,1.1,7.31,2497
2024 Q2,39.5,6.86,11.96,18.94,0.36,0.34,1.04,7.04,2625
2024 Q3,38.36,6.65,11.6,18.33,0.34,0.4,1.04,6.93,2650
2024 Q4,38.81,6.55,11.91,18.73,0.32,0.29,1.01,6.75,2680
2025 Q1,38.1,6.54,11.54,18.41,0.31,0.28,1.03,5.86,2691
2025 Q2,37.09,6.21,11.24,18.01,0.3,0.34,1.01,5.44,2911
2025 Q3,36.86,6.29,11.07,17.82,0.27,0.36,1.04,5.24,3055
2025 Q4,37.11,6.04,11.37,18.21,0.26,0.25,0.98,4.96,3087
2026 Q1,36.34,6.07,11.06,17.86,0.25,0.24,0.87,4.61,3042
,,,,,,,,,
Table 3: Subscriber numbers by type (millions),,,,,,,,,
,,,,,,,,,
,Total subs at end of period,Post-pay subs at end of period,Pre-pay subs at end of period,Net change during period,Proportion post-pay,Mobile broadband subs at end of period,,,
2007,74.32,26.85,47.47,4.18,36.00%,,,,
2008,77.49,30.01,47.48,3.17,39.00%,2.55,,,
2009,80.58,32.98,47.61,3.09,41.00%,4.12,,,
2010,81.48,36.68,44.8,0.9,45.00%,4.86,,,
2011,82.16,39.78,42.38,0.69,48.00%,5.22,,,
2012,83.05,43.46,39.6,0.89,52.00%,5.07,,,
2013,82.67,46.79,35.88,-0.38,57.00%,4.91,,,
2014,83.66,49.34,34.32,0.99,59.00%,5.2,,,
2015,85.26,51.82,33.45,1.6,61.00%,5.52,,,
2016,83.91,54.44,29.47,-1.35,65.00%,4.98,,,
2017,84.1,56.45,27.64,0.19,67.00%,5,,,
2018,83.4,57.35,26.04,-0.7,69.00%,4.51,,,
2019,85.2,60.56,24.64,1.8,71.00%,4.5,,,
2020,83.8,61.59,22.21,-1.4,73.00%,4.79,,,
2021,84.77,63.3,21.47,0.97,74.67%,5,,,
2022,86.66,64.26,22.4,1.89,74.15%,4.96,,,
2023,89.15,66.15,23,2.48,74.20%,4.82,,,
2024,90,67.3,22.7,0.85,74.77%,4.86,,,
2025,91.06,68.96,22.1,1.06,75.73%,5.12,,,
,,,,,,,,,
2007 Q1,70.73,24.97,45.76,0.59,35.30%,,,,
2007 Q2,71.31,25.54,45.77,0.58,35.80%,,,,
2007 Q3,72.56,26.12,46.44,1.25,36.00%,,,,
2007 Q4,74.32,26.85,47.47,1.76,36.10%,,,,
2008 Q1,74.68,27.77,46.91,0.36,37.20%,,,,
2008 Q2,75.34,28.31,47.02,0.66,37.60%,,,,
2008 Q3,76.73,29.39,47.34,1.39,38.30%,,,,
2008 Q4,77.49,30.01,47.48,0.76,38.70%,2.55,,,
2009 Q1,77.07,30.4,46.67,-0.42,39.40%,3.14,,,
2009 Q2,77.65,31.39,46.26,0.58,40.40%,3.66,,,
2009 Q3,78.87,32.22,46.65,1.22,40.80%,3.92,,,
2009 Q4,80.58,32.98,47.61,1.71,40.90%,4.1,,,
2010 Q1,81.93,34.34,47.59,1.35,41.90%,4.31,,,
2010 Q2,79.54,34.78,44.77,-2.39,43.70%,4.26,,,
2010 Q3,80.69,35.61,45.08,1.15,44.10%,4.4,,,
2010 Q4,81.48,36.68,44.8,0.79,45.00%,4.86,,,
2011 Q1,81.37,37.14,44.22,-0.11,45.60%,5.02,,,
2011 Q2,81.54,38.1,43.44,0.17,46.70%,5.1,,,
2011 Q3,81.83,38.67,43.16,0.29,47.30%,5.21,,,
2011 Q4,82.16,39.78,42.38,0.33,48.40%,5.22,,,
2012 Q1,81.17,40.59,40.58,-0.99,50.00%,5.19,,,
2012 Q2,81.6,41.42,40.17,0.43,50.80%,5.17,,,
2012 Q3,82.19,42.46,39.73,0.6,51.70%,5.15,,,
2012 Q4,83.05,43.46,39.6,0.86,52.30%,5.07,,,
2013 Q1,82.73,44.34,38.4,-0.32,53.60%,4.98,,,
2013 Q2,82.27,45.11,37.16,-0.46,54.80%,4.92,,,
2013 Q3,82.87,45.95,36.91,0.6,55.50%,4.95,,,
2013 Q4,82.67,46.79,35.88,-0.19,56.60%,4.91,,,
2014 Q1,82.08,47.38,34.7,-0.59,57.70%,4.91,,,
2014 Q2,81.93,47.96,33.98,-0.14,58.50%,4.96,,,
2014 Q3,82.76,48.64,34.12,0.82,58.80%,5.09,,,
2014 Q4,83.66,49.34,34.32,0.91,59.00%,5.2,,,
2015 Q1,84.13,50.24,33.88,0.46,59.70%,5.2,,,
2015 Q2,84.8,50.5,34.3,0.67,59.50%,5.36,,,
2015 Q3,85.34,51.15,34.19,0.55,59.90%,5.56,,,
2015 Q4,85.26,51.82,33.45,-0.08,60.80%,5.52,,,
2016 Q1,83.4,52.4,31,-1.87,62.80%,5,,,
2016 Q2,83.69,52.79,30.9,0.29,63.10%,4.96,,,
2016 Q3,84.16,53.7,30.46,0.47,63.80%,4.96,,,
2016 Q4,83.91,54.44,29.47,-0.25,64.90%,4.98,,,
2017 Q1,83.8,54.82,28.98,-0.11,65.40%,5,,,
2017 Q2,83.89,55.17,28.72,0.09,65.80%,4.96,,,
2017 Q3,84.44,55.81,28.62,0.55,66.10%,4.92,,,
2017 Q4,84.1,56.45,27.64,-0.34,67.10%,5,,,
2018 Q1,84.09,56.98,27.12,0,67.80%,4.94,,,
2018 Q2,83.76,56.96,26.81,-0.33,68.00%,4.81,,,
2018 Q3,83.99,57.3,26.7,0.23,68.20%,4.59,,,
2018 Q4,83.4,57.35,26.04,-0.59,68.80%,4.51,,,
2019 Q1,83.32,58.03,25.3,-0.08,69.60%,4.48,,,
2019 Q2,83.67,58.06,25.61,0.35,69.40%,4.46,,,
2019 Q3,84.28,58.46,25.82,0.61,69.40%,4.51,,,
2019 Q4,85.2,60.56,24.64,0.92,71.10%,4.5,,,
2020 Q1,83.4,60.12,23.28,-1.8,72.10%,4.4,,,
2020 Q2,83.15,60.55,22.6,-0.25,72.80%,4.73,,,
2020 Q3,83.85,61.1,22.75,0.7,72.90%,4.8,,,
2020 Q4,83.8,61.59,22.21,-0.05,73.50%,4.79,,,
2021 Q1,83.31,61.84,21.47,-0.49,74.23%,4.77,,,
2021 Q2,83.89,62.12,21.77,0.58,74.05%,5.12,,,
2021 Q3,84.47,62.78,21.69,0.59,74.32%,5.19,,,
2021 Q4,84.77,63.3,21.47,0.3,74.67%,5,,,
2022 Q1,85.16,63.87,21.29,0.39,75.00%,4.79,,,
2022 Q2,87.54,65.73,21.81,2.37,75.09%,4.97,,,
2022 Q3,87.14,64.31,22.83,-0.4,73.80%,4.97,,,
2022 Q4,86.66,64.26,22.4,-0.47,74.15%,4.96,,,
2023 Q1,86.82,64.44,22.38,0.15,74.22%,4.88,,,
2023 Q2,87.45,64.6,22.86,0.63,73.87%,4.92,,,
2023 Q3,88.97,65.32,23.65,1.52,73.42%,4.8,,,
2023 Q4,89.15,66.15,23,0.17,74.20%,4.82,,,
2024 Q1,89.02,66.34,22.68,-0.13,74.52%,4.52,,,
2024 Q2,89.47,66.46,23.01,0.45,74.28%,4.44,,,
2024 Q3,90.14,66.76,23.38,0.67,74.06%,4.6,,,
2024 Q4,90,67.3,22.7,-0.14,74.77%,4.86,,,
2025 Q1,89.7,67.71,21.98,-0.3,75.49%,4.79,,,
2025 Q2,89.98,67.92,22.07,0.29,75.47%,4.93,,,
2025 Q3,91.04,68.47,22.57,1.05,75.21%,5.03,,,
2025 Q4,91.06,68.96,22.1,0.02,75.73%,5.12,,,
2026 Q1,90.58,69.03,21.55,-0.48,76.21%,5.21,,,
,,,,,,,,,
Table 4: Average monthly retail revenue per subscriber (£ per month),,,,,,,,,
,,,,,,,,,
,All subscribers,Post-pay contract,Pre-pay,,,,,,
2007,17.95,34.46,7.05,,,,,,
2008,16.47,32.06,7.07,,,,,,
2009,15.94,29.17,7.07,,,,,,
2010,15.56,27.76,6.28,,,,,,
2011,15.98,27.48,5.94,,,,,,
2012,16.44,26.69,5.9,,,,,,
2013,15.93,24.56,5.51,,,,,,
2014,15.83,23.56,5.05,,,,,,
2015,15.55,22.8,4.78,,,,,,
2016,15.87,22.24,4.97,,,,,,
2017,16.05,22.05,4.76,,,,,,
2018,13.68,17.93,4.84,,,,,,
2019,13.38,17.16,4.91,,,,,,
2020,12.49,15.5,4.82,,,,,,
2021,12.19,14.64,5.15,,,,,,
2022,12.52,15.01,5.21,,,,,,
2023,12.98,15.73,5.18,,,,,,
2024,13.16,15.85,5.36,,,,,,
2025,13.38,15.98,5.45,,,,,,
,,,,,,,,,
2007 Q1,21.07,34.61,6.69,,,,,,
2007 Q2,16.72,34.32,7.01,,,,,,
2007 Q3,17.28,35.14,7.27,,,,,,
2007 Q4,16.8,33.77,7.23,,,,,,
2008 Q1,16.5,33.26,6.8,,,,,,
2008 Q2,16.64,32.93,6.91,,,,,,
2008 Q3,16.74,31.99,7.41,,,,,,
2008 Q4,16.01,30.18,7.13,,,,,,
2009 Q1,16.04,30.24,6.94,,,,,,
2009 Q2,15.9,29.01,7.19,,,,,,
2009 Q3,16.18,29.38,7.15,,,,,,
2009 Q4,15.64,28.13,7,,,,,,
2010 Q1,15.2,28.04,6.12,,,,,,
2010 Q2,15.63,28.15,6.27,,,,,,
2010 Q3,15.81,27.82,6.4,,,,,,
2010 Q4,15.58,27.08,6.34,,,,,,
2011 Q1,15.65,27.55,5.78,,,,,,
2011 Q2,15.84,27.51,5.82,,,,,,
2011 Q3,16.3,27.81,6.09,,,,,,
2011 Q4,16.12,27.05,6.09,,,,,,
2012 Q1,16.02,26.56,5.81,,,,,,
2012 Q2,16.5,26.86,5.97,,,,,,
2012 Q3,16.71,26.94,5.98,,,,,,
2012 Q4,16.53,26.39,5.85,,,,,,
2013 Q1,16.1,25.32,5.54,,,,,,
2013 Q2,15.76,24.42,5.5,,,,,,
2013 Q3,15.85,24.29,5.46,,,,,,
2013 Q4,16.01,24.21,5.55,,,,,,
2014 Q1,15.57,23.56,4.9,,,,,,
2014 Q2,15.86,23.64,5.06,,,,,,
2014 Q3,15.95,23.53,5.19,,,,,,
2014 Q4,15.94,23.52,5.08,,,,,,
2015 Q1,15.48,22.88,4.66,,,,,,
2015 Q2,15.6,23,4.67,,,,,,
2015 Q3,15.55,22.8,4.8,,,,,,
2015 Q4,15.58,22.52,5.01,,,,,,
2016 Q1,15.44,21.99,4.86,,,,,,
2016 Q2,15.73,22.08,4.93,,,,,,
2016 Q3,16.11,22.45,5.1,,,,,,
2016 Q4,16.22,22.44,4.99,,,,,,
2017 Q1,15.65,21.78,4.57,,,,,,
2017 Q2,15.93,21.91,4.76,,,,,,
2017 Q3,16.37,22.31,5.03,,,,,,
2017 Q4,16.23,22.19,4.7,,,,,,
2018 Q1,13.43,17.85,4.61,,,,,,
2018 Q2,13.65,17.93,4.78,,,,,,
2018 Q3,13.97,18.18,5.07,,,,,,
2018 Q4,13.66,17.77,4.9,,,,,,
2019 Q1,13.34,17.34,4.64,,,,,,
2019 Q2,13.46,17.28,4.89,,,,,,
2019 Q3,13.52,17.28,5.22,,,,,,
2019 Q4,13.2,16.76,4.9,,,,,,
2020 Q1,12.61,15.92,4.79,,,,,,
2020 Q2,12.31,15.42,4.49,,,,,,
2020 Q3,12.43,15.4,4.65,,,,,,
2020 Q4,12.34,15.17,4.72,,,,,,
2021 Q1,12.1,14.64,4.92,,,,,,
2021 Q2,12.2,14.64,5.19,,,,,,
2021 Q3,12.22,14.66,5.23,,,,,,
2021 Q4,12.22,14.61,5.26,,,,,,
2022 Q1,12.22,14.62,5.08,,,,,,
2022 Q2,12.46,14.87,5.22,,,,,,
2022 Q3,12.83,15.43,5.27,,,,,,
2022 Q4,12.55,15.11,5.28,,,,,,
2023 Q1,12.22,14.72,5.03,,,,,,
2023 Q2,13.32,16.18,5.16,,,,,,
2023 Q3,13.32,16.23,5.19,,,,,,
2023 Q4,13.05,15.8,5.33,,,,,,
2024 Q1,12.75,15.3,5.36,,,,,,
2024 Q2,13.37,16.08,5.48,,,,,,
2024 Q3,13.31,16.08,5.35,,,,,,
2024 Q4,13.22,15.95,5.26,,,,,,
2025 Q1,13.04,15.57,5.4,,,,,,
2025 Q2,13.68,16.36,5.43,,,,,,
2025 Q3,13.58,16.2,5.57,,,,,,
2025 Q4,13.24,15.79,5.4,,,,,,
2026 Q1,13.1,15.54,5.4,,,,,,
,,,,,,,,,
Table 5: Interconnection call volumes (billions of minutes),,,,,,,,,
,,,,,,,,,
,All operators,,,,,,,,
2007,52.36,,,,,,,,
2008,55.14,,,,,,,,
2009,57.08,,,,,,,,
2010,56.18,,,,,,,,
2011,59.01,,,,,,,,
2012,59.15,,,,,,,,
2013,56.98,,,,,,,,
2014,52.89,,,,,,,,
2015,52.48,,,,,,,,
2016,54.3,,,,,,,,
2017,57.26,,,,,,,,
2018,58.67,,,,,,,,
2019,60.29,,,,,,,,
2020,65.8,,,,,,,,
2021,62.33,,,,,,,,
2022,61.24,,,,,,,,
2023,62.54,,,,,,,,
2024,61.17,,,,,,,,
2025,57.72,,,,,,,,
,,,,,,,,,
2007 Q1,12.6,,,,,,,,
2007 Q2,12.97,,,,,,,,
2007 Q3,13.16,,,,,,,,
2007 Q4,13.64,,,,,,,,
2008 Q1,13.42,,,,,,,,
2008 Q2,13.88,,,,,,,,
2008 Q3,13.87,,,,,,,,
2008 Q4,13.97,,,,,,,,
2009 Q1,14.13,,,,,,,,
2009 Q2,14.11,,,,,,,,
2009 Q3,14.3,,,,,,,,
2009 Q4,14.55,,,,,,,,
2010 Q1,14.62,,,,,,,,
2010 Q2,13.89,,,,,,,,
2010 Q3,13.72,,,,,,,,
2010 Q4,13.94,,,,,,,,
2011 Q1,14.5,,,,,,,,
2011 Q2,14.72,,,,,,,,
2011 Q3,14.86,,,,,,,,
2011 Q4,14.93,,,,,,,,
2012 Q1,14.59,,,,,,,,
2012 Q2,14.76,,,,,,,,
2012 Q3,14.71,,,,,,,,
2012 Q4,15.09,,,,,,,,
2013 Q1,15.06,,,,,,,,
2013 Q2,14.98,,,,,,,,
2013 Q3,13.53,,,,,,,,
2013 Q4,13.42,,,,,,,,
2014 Q1,13.11,,,,,,,,
2014 Q2,13.06,,,,,,,,
2014 Q3,13.23,,,,,,,,
2014 Q4,13.49,,,,,,,,
2015 Q1,13,,,,,,,,
2015 Q2,13.5,,,,,,,,
2015 Q3,12.94,,,,,,,,
2015 Q4,13.03,,,,,,,,
2016 Q1,13.49,,,,,,,,
2016 Q2,13.77,,,,,,,,
2016 Q3,13.37,,,,,,,,
2016 Q4,13.67,,,,,,,,
2017 Q1,14.66,,,,,,,,
2017 Q2,13.91,,,,,,,,
2017 Q3,14.13,,,,,,,,
2017 Q4,14.56,,,,,,,,
2018 Q1,14.46,,,,,,,,
2018 Q2,14.85,,,,,,,,
2018 Q3,14.45,,,,,,,,
2018 Q4,14.92,,,,,,,,
2019 Q1,15.18,,,,,,,,
2019 Q2,15.25,,,,,,,,
2019 Q3,14.85,,,,,,,,
2019 Q4,15.01,,,,,,,,
2020 Q1,16.26,,,,,,,,
2020 Q2,16.61,,,,,,,,
2020 Q3,16.67,,,,,,,,
2020 Q4,16.26,,,,,,,,
2021 Q1,17.63,,,,,,,,
2021 Q2,16.1,,,,,,,,
2021 Q3,14.36,,,,,,,,
2021 Q4,14.24,,,,,,,,
2022 Q1,14.93,,,,,,,,
2022 Q2,14.6,,,,,,,,
2022 Q3,15.87,,,,,,,,
2022 Q4,15.83,,,,,,,,
2023 Q1,16.31,,,,,,,,
2023 Q2,15.54,,,,,,,,
2023 Q3,15.17,,,,,,,,
2023 Q4,15.52,,,,,,,,
2024 Q1,15.78,,,,,,,,
2024 Q2,15.39,,,,,,,,
2024 Q3,14.92,,,,,,,,
2024 Q4,15.08,,,,,,,,
2025 Q1,14.93,,,,,,,,
2025 Q2,14.56,,,,,,,,
2025 Q3,14.03,,,,,,,,
2025 Q4,14.2,,,,,,,,
2026 Q1,13.55,,,,,,,,
